[config] Reading paths from config.py...
  PREPROCESSED_PATH : /orcd/data/omarabu/001/gonzalo/flashscenic_2/flashscenic/experiments/robustness/results/als_preprocessed.h5ad
  GRN_DATA_PATH     : /orcd/data/omarabu/001/gonzalo/flashscenic_2/flashscenic/experiments/robustness/results/als_grn_subsample.h5ad
  RUN_DIR           : /orcd/data/omarabu/001/gonzalo/flashscenic_2/flashscenic/experiments/robustness/results/2026-03-26_18-34-23
  FIGURES_DIR       : /orcd/data/omarabu/001/gonzalo/flashscenic_2/flashscenic/experiments/robustness/results/2026-03-26_18-34-23/figures
  SPECIES           : human
  N_RUNS            : 30
  N_STEPS           : 1000
  DEVICE            : cuda

[1/3] Preprocessing outputs already exist — skipping.
      /orcd/data/omarabu/001/gonzalo/flashscenic_2/flashscenic/experiments/robustness/results/als_preprocessed.h5ad
      /orcd/data/omarabu/001/gonzalo/flashscenic_2/flashscenic/experiments/robustness/results/als_grn_subsample.h5ad

[2/3] Experiment 1: Bland-Altman adjacency deviation...
Loading /orcd/data/omarabu/001/gonzalo/flashscenic_2/flashscenic/experiments/robustness/results/als_grn_subsample.h5ad...
  62711 cells × 6000 genes
Running RegDiffusion 30 times...
  GRN run 1/30...
  GRN run 2/30...
  GRN run 3/30...
  GRN run 4/30...
  GRN run 5/30...
  GRN run 6/30...
  GRN run 7/30...
  GRN run 8/30...
  GRN run 9/30...
  GRN run 10/30...
  GRN run 11/30...
  GRN run 12/30...
  GRN run 13/30...
  GRN run 14/30...
  GRN run 15/30...
  GRN run 16/30...
  GRN run 17/30...
  GRN run 18/30...
  GRN run 19/30...
  GRN run 20/30...
  GRN run 21/30...
  GRN run 22/30...
  GRN run 23/30...
  GRN run 24/30...
  GRN run 25/30...
  GRN run 26/30...
  GRN run 27/30...
  GRN run 28/30...
  GRN run 29/30...
  GRN run 30/30...
Saved /orcd/data/omarabu/001/gonzalo/flashscenic_2/flashscenic/experiments/robustness/results/2026-03-26_18-34-23/figures/exp1_bland_altman.pdf
      Done. → /orcd/data/omarabu/001/gonzalo/flashscenic_2/flashscenic/experiments/robustness/results/2026-03-26_18-34-23/figures/exp1_bland_altman.pdf

[3/3] Experiments 2 & 3: Regulon set convergence + AUCell stability...
Loading /orcd/data/omarabu/001/gonzalo/flashscenic_2/flashscenic/experiments/robustness/results/als_grn_subsample.h5ad...
  62711 cells × 6000 genes
Preparing resources...
Downloading scenic/human/v10 resources to flashscenic_data/
  [Human TF list (hg38)] Already cached: allTFs_hg38.txt
  [Human 500bp/100bp ranking database (v10)] Already cached: hg38_500bp_up_100bp_down_full_tx_v10_clust.genes_vs_motifs.rankings.feather
  [Human 10kbp ranking database (v10)] Already cached: hg38_10kbp_up_10kbp_down_full_tx_v10_clust.genes_vs_motifs.rankings.feather
  [Human motif annotations (v10)] Already cached: motifs-v10nr_clust-nr.hgnc-m0.001-o0.0.tbl
Download complete.
Running multi_run_flashscenic (30 runs)...
Loaded database 'hg38_500bp_up_100bp_down_full_tx_v10_clust.genes_vs_motifs.rankings': 5876 motifs × 27015 genes
Loaded database 'hg38_10kbp_up_10kbp_down_full_tx_v10_clust.genes_vs_motifs.rankings': 5876 motifs × 27090 genes
Loaded 2 databases
Reading annotation file: flashscenic_data/motifs-v10nr_clust-nr.hgnc-m0.001-o0.0.tbl
Column indices: motif_id=0, gene_name=5, similarity_qvalue=6, ortho_identity=9, description=12
Read 253096 rows, 253096 passed filters
Loaded 177084 motif annotations (27072 unique motifs, 1605 unique TFs)
Loaded motif annotations (filter_for_annotation=True)

Pruning with database 1/2: hg38_500bp_up_100bp_down_full_tx_v10_clust.genes_vs_motifs.rankings

Pruning with database 2/2: hg38_10kbp_up_10kbp_down_full_tx_v10_clust.genes_vs_motifs.rankings

Total regulons before merging: 815
Total regulons after merging: 565
Total regulons after TF merging: 100
Loaded database 'hg38_500bp_up_100bp_down_full_tx_v10_clust.genes_vs_motifs.rankings': 5876 motifs × 27015 genes
Loaded database 'hg38_10kbp_up_10kbp_down_full_tx_v10_clust.genes_vs_motifs.rankings': 5876 motifs × 27090 genes
Loaded 2 databases
Reading annotation file: flashscenic_data/motifs-v10nr_clust-nr.hgnc-m0.001-o0.0.tbl
Column indices: motif_id=0, gene_name=5, similarity_qvalue=6, ortho_identity=9, description=12
Read 253096 rows, 253096 passed filters
Loaded 177084 motif annotations (27072 unique motifs, 1605 unique TFs)
Loaded motif annotations (filter_for_annotation=True)

Pruning with database 1/2: hg38_500bp_up_100bp_down_full_tx_v10_clust.genes_vs_motifs.rankings

Pruning with database 2/2: hg38_10kbp_up_10kbp_down_full_tx_v10_clust.genes_vs_motifs.rankings

Total regulons before merging: 815
Total regulons after merging: 565
Total regulons after TF merging: 100
Loaded database 'hg38_500bp_up_100bp_down_full_tx_v10_clust.genes_vs_motifs.rankings': 5876 motifs × 27015 genes
Loaded database 'hg38_10kbp_up_10kbp_down_full_tx_v10_clust.genes_vs_motifs.rankings': 5876 motifs × 27090 genes
Loaded 2 databases
Reading annotation file: flashscenic_data/motifs-v10nr_clust-nr.hgnc-m0.001-o0.0.tbl
Column indices: motif_id=0, gene_name=5, similarity_qvalue=6, ortho_identity=9, description=12
Read 253096 rows, 253096 passed filters
Loaded 177084 motif annotations (27072 unique motifs, 1605 unique TFs)
Loaded motif annotations (filter_for_annotation=True)

Pruning with database 1/2: hg38_500bp_up_100bp_down_full_tx_v10_clust.genes_vs_motifs.rankings

Pruning with database 2/2: hg38_10kbp_up_10kbp_down_full_tx_v10_clust.genes_vs_motifs.rankings

Total regulons before merging: 815
Total regulons after merging: 565
Total regulons after TF merging: 100
Running full pipeline 30 times (freq-baseline)...
  Full run 1/30...
Loaded database 'hg38_500bp_up_100bp_down_full_tx_v10_clust.genes_vs_motifs.rankings': 5876 motifs × 27015 genes
Loaded database 'hg38_10kbp_up_10kbp_down_full_tx_v10_clust.genes_vs_motifs.rankings': 5876 motifs × 27090 genes
Loaded 2 databases
Reading annotation file: flashscenic_data/motifs-v10nr_clust-nr.hgnc-m0.001-o0.0.tbl
Column indices: motif_id=0, gene_name=5, similarity_qvalue=6, ortho_identity=9, description=12
Read 253096 rows, 253096 passed filters
Loaded 177084 motif annotations (27072 unique motifs, 1605 unique TFs)
Loaded motif annotations (filter_for_annotation=True)

Pruning with database 1/2: hg38_500bp_up_100bp_down_full_tx_v10_clust.genes_vs_motifs.rankings

Pruning with database 2/2: hg38_10kbp_up_10kbp_down_full_tx_v10_clust.genes_vs_motifs.rankings

Total regulons before merging: 832
Total regulons after merging: 557
Total regulons after TF merging: 104
  Full run 2/30...
Loaded database 'hg38_500bp_up_100bp_down_full_tx_v10_clust.genes_vs_motifs.rankings': 5876 motifs × 27015 genes
Loaded database 'hg38_10kbp_up_10kbp_down_full_tx_v10_clust.genes_vs_motifs.rankings': 5876 motifs × 27090 genes
Loaded 2 databases
Reading annotation file: flashscenic_data/motifs-v10nr_clust-nr.hgnc-m0.001-o0.0.tbl
Column indices: motif_id=0, gene_name=5, similarity_qvalue=6, ortho_identity=9, description=12
Read 253096 rows, 253096 passed filters
Loaded 177084 motif annotations (27072 unique motifs, 1605 unique TFs)
Loaded motif annotations (filter_for_annotation=True)

Pruning with database 1/2: hg38_500bp_up_100bp_down_full_tx_v10_clust.genes_vs_motifs.rankings

Pruning with database 2/2: hg38_10kbp_up_10kbp_down_full_tx_v10_clust.genes_vs_motifs.rankings

Total regulons before merging: 775
Total regulons after merging: 541
Total regulons after TF merging: 108
  Full run 3/30...
Loaded database 'hg38_500bp_up_100bp_down_full_tx_v10_clust.genes_vs_motifs.rankings': 5876 motifs × 27015 genes
Loaded database 'hg38_10kbp_up_10kbp_down_full_tx_v10_clust.genes_vs_motifs.rankings': 5876 motifs × 27090 genes
Loaded 2 databases
Reading annotation file: flashscenic_data/motifs-v10nr_clust-nr.hgnc-m0.001-o0.0.tbl
Column indices: motif_id=0, gene_name=5, similarity_qvalue=6, ortho_identity=9, description=12
Read 253096 rows, 253096 passed filters
Loaded 177084 motif annotations (27072 unique motifs, 1605 unique TFs)
Loaded motif annotations (filter_for_annotation=True)

Pruning with database 1/2: hg38_500bp_up_100bp_down_full_tx_v10_clust.genes_vs_motifs.rankings

Pruning with database 2/2: hg38_10kbp_up_10kbp_down_full_tx_v10_clust.genes_vs_motifs.rankings

Total regulons before merging: 906
Total regulons after merging: 601
Total regulons after TF merging: 110
  Full run 4/30...
Loaded database 'hg38_500bp_up_100bp_down_full_tx_v10_clust.genes_vs_motifs.rankings': 5876 motifs × 27015 genes
Loaded database 'hg38_10kbp_up_10kbp_down_full_tx_v10_clust.genes_vs_motifs.rankings': 5876 motifs × 27090 genes
Loaded 2 databases
Reading annotation file: flashscenic_data/motifs-v10nr_clust-nr.hgnc-m0.001-o0.0.tbl
Column indices: motif_id=0, gene_name=5, similarity_qvalue=6, ortho_identity=9, description=12
Read 253096 rows, 253096 passed filters
Loaded 177084 motif annotations (27072 unique motifs, 1605 unique TFs)
Loaded motif annotations (filter_for_annotation=True)

Pruning with database 1/2: hg38_500bp_up_100bp_down_full_tx_v10_clust.genes_vs_motifs.rankings

Pruning with database 2/2: hg38_10kbp_up_10kbp_down_full_tx_v10_clust.genes_vs_motifs.rankings

Total regulons before merging: 856
Total regulons after merging: 621
Total regulons after TF merging: 112
  Full run 5/30...
Loaded database 'hg38_500bp_up_100bp_down_full_tx_v10_clust.genes_vs_motifs.rankings': 5876 motifs × 27015 genes
Loaded database 'hg38_10kbp_up_10kbp_down_full_tx_v10_clust.genes_vs_motifs.rankings': 5876 motifs × 27090 genes
Loaded 2 databases
Reading annotation file: flashscenic_data/motifs-v10nr_clust-nr.hgnc-m0.001-o0.0.tbl
Column indices: motif_id=0, gene_name=5, similarity_qvalue=6, ortho_identity=9, description=12
Read 253096 rows, 253096 passed filters
Loaded 177084 motif annotations (27072 unique motifs, 1605 unique TFs)
Loaded motif annotations (filter_for_annotation=True)

Pruning with database 1/2: hg38_500bp_up_100bp_down_full_tx_v10_clust.genes_vs_motifs.rankings

Pruning with database 2/2: hg38_10kbp_up_10kbp_down_full_tx_v10_clust.genes_vs_motifs.rankings

Total regulons before merging: 885
Total regulons after merging: 596
Total regulons after TF merging: 98
  Full run 6/30...
Loaded database 'hg38_500bp_up_100bp_down_full_tx_v10_clust.genes_vs_motifs.rankings': 5876 motifs × 27015 genes
Loaded database 'hg38_10kbp_up_10kbp_down_full_tx_v10_clust.genes_vs_motifs.rankings': 5876 motifs × 27090 genes
Loaded 2 databases
Reading annotation file: flashscenic_data/motifs-v10nr_clust-nr.hgnc-m0.001-o0.0.tbl
Column indices: motif_id=0, gene_name=5, similarity_qvalue=6, ortho_identity=9, description=12
Read 253096 rows, 253096 passed filters
Loaded 177084 motif annotations (27072 unique motifs, 1605 unique TFs)
Loaded motif annotations (filter_for_annotation=True)

Pruning with database 1/2: hg38_500bp_up_100bp_down_full_tx_v10_clust.genes_vs_motifs.rankings

Pruning with database 2/2: hg38_10kbp_up_10kbp_down_full_tx_v10_clust.genes_vs_motifs.rankings

Total regulons before merging: 825
Total regulons after merging: 561
Total regulons after TF merging: 101
  Full run 7/30...
Loaded database 'hg38_500bp_up_100bp_down_full_tx_v10_clust.genes_vs_motifs.rankings': 5876 motifs × 27015 genes
Loaded database 'hg38_10kbp_up_10kbp_down_full_tx_v10_clust.genes_vs_motifs.rankings': 5876 motifs × 27090 genes
Loaded 2 databases
Reading annotation file: flashscenic_data/motifs-v10nr_clust-nr.hgnc-m0.001-o0.0.tbl
Column indices: motif_id=0, gene_name=5, similarity_qvalue=6, ortho_identity=9, description=12
Read 253096 rows, 253096 passed filters
Loaded 177084 motif annotations (27072 unique motifs, 1605 unique TFs)
Loaded motif annotations (filter_for_annotation=True)

Pruning with database 1/2: hg38_500bp_up_100bp_down_full_tx_v10_clust.genes_vs_motifs.rankings

Pruning with database 2/2: hg38_10kbp_up_10kbp_down_full_tx_v10_clust.genes_vs_motifs.rankings

Total regulons before merging: 885
Total regulons after merging: 633
Total regulons after TF merging: 117
  Full run 8/30...
Loaded database 'hg38_500bp_up_100bp_down_full_tx_v10_clust.genes_vs_motifs.rankings': 5876 motifs × 27015 genes
Loaded database 'hg38_10kbp_up_10kbp_down_full_tx_v10_clust.genes_vs_motifs.rankings': 5876 motifs × 27090 genes
Loaded 2 databases
Reading annotation file: flashscenic_data/motifs-v10nr_clust-nr.hgnc-m0.001-o0.0.tbl
Column indices: motif_id=0, gene_name=5, similarity_qvalue=6, ortho_identity=9, description=12
Read 253096 rows, 253096 passed filters
Loaded 177084 motif annotations (27072 unique motifs, 1605 unique TFs)
Loaded motif annotations (filter_for_annotation=True)

Pruning with database 1/2: hg38_500bp_up_100bp_down_full_tx_v10_clust.genes_vs_motifs.rankings

Pruning with database 2/2: hg38_10kbp_up_10kbp_down_full_tx_v10_clust.genes_vs_motifs.rankings

Total regulons before merging: 976
Total regulons after merging: 691
Total regulons after TF merging: 114
  Full run 9/30...
Loaded database 'hg38_500bp_up_100bp_down_full_tx_v10_clust.genes_vs_motifs.rankings': 5876 motifs × 27015 genes
Loaded database 'hg38_10kbp_up_10kbp_down_full_tx_v10_clust.genes_vs_motifs.rankings': 5876 motifs × 27090 genes
Loaded 2 databases
Reading annotation file: flashscenic_data/motifs-v10nr_clust-nr.hgnc-m0.001-o0.0.tbl
Column indices: motif_id=0, gene_name=5, similarity_qvalue=6, ortho_identity=9, description=12
Read 253096 rows, 253096 passed filters
Loaded 177084 motif annotations (27072 unique motifs, 1605 unique TFs)
Loaded motif annotations (filter_for_annotation=True)

Pruning with database 1/2: hg38_500bp_up_100bp_down_full_tx_v10_clust.genes_vs_motifs.rankings

Pruning with database 2/2: hg38_10kbp_up_10kbp_down_full_tx_v10_clust.genes_vs_motifs.rankings

Total regulons before merging: 843
Total regulons after merging: 574
Total regulons after TF merging: 105
  Full run 10/30...
Loaded database 'hg38_500bp_up_100bp_down_full_tx_v10_clust.genes_vs_motifs.rankings': 5876 motifs × 27015 genes
Loaded database 'hg38_10kbp_up_10kbp_down_full_tx_v10_clust.genes_vs_motifs.rankings': 5876 motifs × 27090 genes
Loaded 2 databases
Reading annotation file: flashscenic_data/motifs-v10nr_clust-nr.hgnc-m0.001-o0.0.tbl
Column indices: motif_id=0, gene_name=5, similarity_qvalue=6, ortho_identity=9, description=12
Read 253096 rows, 253096 passed filters
Loaded 177084 motif annotations (27072 unique motifs, 1605 unique TFs)
Loaded motif annotations (filter_for_annotation=True)

Pruning with database 1/2: hg38_500bp_up_100bp_down_full_tx_v10_clust.genes_vs_motifs.rankings

Pruning with database 2/2: hg38_10kbp_up_10kbp_down_full_tx_v10_clust.genes_vs_motifs.rankings

Total regulons before merging: 926
Total regulons after merging: 642
Total regulons after TF merging: 123
  Full run 11/30...
Loaded database 'hg38_500bp_up_100bp_down_full_tx_v10_clust.genes_vs_motifs.rankings': 5876 motifs × 27015 genes
Loaded database 'hg38_10kbp_up_10kbp_down_full_tx_v10_clust.genes_vs_motifs.rankings': 5876 motifs × 27090 genes
Loaded 2 databases
Reading annotation file: flashscenic_data/motifs-v10nr_clust-nr.hgnc-m0.001-o0.0.tbl
Column indices: motif_id=0, gene_name=5, similarity_qvalue=6, ortho_identity=9, description=12
Read 253096 rows, 253096 passed filters
Loaded 177084 motif annotations (27072 unique motifs, 1605 unique TFs)
Loaded motif annotations (filter_for_annotation=True)

Pruning with database 1/2: hg38_500bp_up_100bp_down_full_tx_v10_clust.genes_vs_motifs.rankings

Pruning with database 2/2: hg38_10kbp_up_10kbp_down_full_tx_v10_clust.genes_vs_motifs.rankings

Total regulons before merging: 924
Total regulons after merging: 628
Total regulons after TF merging: 108
  Full run 12/30...
Loaded database 'hg38_500bp_up_100bp_down_full_tx_v10_clust.genes_vs_motifs.rankings': 5876 motifs × 27015 genes
Loaded database 'hg38_10kbp_up_10kbp_down_full_tx_v10_clust.genes_vs_motifs.rankings': 5876 motifs × 27090 genes
Loaded 2 databases
Reading annotation file: flashscenic_data/motifs-v10nr_clust-nr.hgnc-m0.001-o0.0.tbl
Column indices: motif_id=0, gene_name=5, similarity_qvalue=6, ortho_identity=9, description=12
Read 253096 rows, 253096 passed filters
Loaded 177084 motif annotations (27072 unique motifs, 1605 unique TFs)
Loaded motif annotations (filter_for_annotation=True)

Pruning with database 1/2: hg38_500bp_up_100bp_down_full_tx_v10_clust.genes_vs_motifs.rankings

Pruning with database 2/2: hg38_10kbp_up_10kbp_down_full_tx_v10_clust.genes_vs_motifs.rankings

Total regulons before merging: 854
Total regulons after merging: 587
Total regulons after TF merging: 101
  Full run 13/30...
Loaded database 'hg38_500bp_up_100bp_down_full_tx_v10_clust.genes_vs_motifs.rankings': 5876 motifs × 27015 genes
Loaded database 'hg38_10kbp_up_10kbp_down_full_tx_v10_clust.genes_vs_motifs.rankings': 5876 motifs × 27090 genes
Loaded 2 databases
Reading annotation file: flashscenic_data/motifs-v10nr_clust-nr.hgnc-m0.001-o0.0.tbl
Column indices: motif_id=0, gene_name=5, similarity_qvalue=6, ortho_identity=9, description=12
Read 253096 rows, 253096 passed filters
Loaded 177084 motif annotations (27072 unique motifs, 1605 unique TFs)
Loaded motif annotations (filter_for_annotation=True)

Pruning with database 1/2: hg38_500bp_up_100bp_down_full_tx_v10_clust.genes_vs_motifs.rankings

Pruning with database 2/2: hg38_10kbp_up_10kbp_down_full_tx_v10_clust.genes_vs_motifs.rankings

Total regulons before merging: 840
Total regulons after merging: 575
Total regulons after TF merging: 103
  Full run 14/30...
Loaded database 'hg38_500bp_up_100bp_down_full_tx_v10_clust.genes_vs_motifs.rankings': 5876 motifs × 27015 genes
Loaded database 'hg38_10kbp_up_10kbp_down_full_tx_v10_clust.genes_vs_motifs.rankings': 5876 motifs × 27090 genes
Loaded 2 databases
Reading annotation file: flashscenic_data/motifs-v10nr_clust-nr.hgnc-m0.001-o0.0.tbl
Column indices: motif_id=0, gene_name=5, similarity_qvalue=6, ortho_identity=9, description=12
Read 253096 rows, 253096 passed filters
Loaded 177084 motif annotations (27072 unique motifs, 1605 unique TFs)
Loaded motif annotations (filter_for_annotation=True)

Pruning with database 1/2: hg38_500bp_up_100bp_down_full_tx_v10_clust.genes_vs_motifs.rankings

Pruning with database 2/2: hg38_10kbp_up_10kbp_down_full_tx_v10_clust.genes_vs_motifs.rankings

Total regulons before merging: 803
Total regulons after merging: 562
Total regulons after TF merging: 109
  Full run 15/30...
Loaded database 'hg38_500bp_up_100bp_down_full_tx_v10_clust.genes_vs_motifs.rankings': 5876 motifs × 27015 genes
Loaded database 'hg38_10kbp_up_10kbp_down_full_tx_v10_clust.genes_vs_motifs.rankings': 5876 motifs × 27090 genes
Loaded 2 databases
Reading annotation file: flashscenic_data/motifs-v10nr_clust-nr.hgnc-m0.001-o0.0.tbl
Column indices: motif_id=0, gene_name=5, similarity_qvalue=6, ortho_identity=9, description=12
Read 253096 rows, 253096 passed filters
Loaded 177084 motif annotations (27072 unique motifs, 1605 unique TFs)
Loaded motif annotations (filter_for_annotation=True)

Pruning with database 1/2: hg38_500bp_up_100bp_down_full_tx_v10_clust.genes_vs_motifs.rankings

Pruning with database 2/2: hg38_10kbp_up_10kbp_down_full_tx_v10_clust.genes_vs_motifs.rankings

Total regulons before merging: 863
Total regulons after merging: 593
Total regulons after TF merging: 109
  Full run 16/30...
Loaded database 'hg38_500bp_up_100bp_down_full_tx_v10_clust.genes_vs_motifs.rankings': 5876 motifs × 27015 genes
Loaded database 'hg38_10kbp_up_10kbp_down_full_tx_v10_clust.genes_vs_motifs.rankings': 5876 motifs × 27090 genes
Loaded 2 databases
Reading annotation file: flashscenic_data/motifs-v10nr_clust-nr.hgnc-m0.001-o0.0.tbl
Column indices: motif_id=0, gene_name=5, similarity_qvalue=6, ortho_identity=9, description=12
Read 253096 rows, 253096 passed filters
Loaded 177084 motif annotations (27072 unique motifs, 1605 unique TFs)
Loaded motif annotations (filter_for_annotation=True)

Pruning with database 1/2: hg38_500bp_up_100bp_down_full_tx_v10_clust.genes_vs_motifs.rankings

Pruning with database 2/2: hg38_10kbp_up_10kbp_down_full_tx_v10_clust.genes_vs_motifs.rankings

Total regulons before merging: 961
Total regulons after merging: 646
Total regulons after TF merging: 112
  Full run 17/30...
Loaded database 'hg38_500bp_up_100bp_down_full_tx_v10_clust.genes_vs_motifs.rankings': 5876 motifs × 27015 genes
Loaded database 'hg38_10kbp_up_10kbp_down_full_tx_v10_clust.genes_vs_motifs.rankings': 5876 motifs × 27090 genes
Loaded 2 databases
Reading annotation file: flashscenic_data/motifs-v10nr_clust-nr.hgnc-m0.001-o0.0.tbl
Column indices: motif_id=0, gene_name=5, similarity_qvalue=6, ortho_identity=9, description=12
Read 253096 rows, 253096 passed filters
Loaded 177084 motif annotations (27072 unique motifs, 1605 unique TFs)
Loaded motif annotations (filter_for_annotation=True)

Pruning with database 1/2: hg38_500bp_up_100bp_down_full_tx_v10_clust.genes_vs_motifs.rankings

Pruning with database 2/2: hg38_10kbp_up_10kbp_down_full_tx_v10_clust.genes_vs_motifs.rankings

Total regulons before merging: 848
Total regulons after merging: 589
Total regulons after TF merging: 108
  Full run 18/30...
Loaded database 'hg38_500bp_up_100bp_down_full_tx_v10_clust.genes_vs_motifs.rankings': 5876 motifs × 27015 genes
Loaded database 'hg38_10kbp_up_10kbp_down_full_tx_v10_clust.genes_vs_motifs.rankings': 5876 motifs × 27090 genes
Loaded 2 databases
Reading annotation file: flashscenic_data/motifs-v10nr_clust-nr.hgnc-m0.001-o0.0.tbl
Column indices: motif_id=0, gene_name=5, similarity_qvalue=6, ortho_identity=9, description=12
Read 253096 rows, 253096 passed filters
Loaded 177084 motif annotations (27072 unique motifs, 1605 unique TFs)
Loaded motif annotations (filter_for_annotation=True)

Pruning with database 1/2: hg38_500bp_up_100bp_down_full_tx_v10_clust.genes_vs_motifs.rankings

Pruning with database 2/2: hg38_10kbp_up_10kbp_down_full_tx_v10_clust.genes_vs_motifs.rankings

Total regulons before merging: 873
Total regulons after merging: 608
Total regulons after TF merging: 111
  Full run 19/30...
Loaded database 'hg38_500bp_up_100bp_down_full_tx_v10_clust.genes_vs_motifs.rankings': 5876 motifs × 27015 genes
Loaded database 'hg38_10kbp_up_10kbp_down_full_tx_v10_clust.genes_vs_motifs.rankings': 5876 motifs × 27090 genes
Loaded 2 databases
Reading annotation file: flashscenic_data/motifs-v10nr_clust-nr.hgnc-m0.001-o0.0.tbl
Column indices: motif_id=0, gene_name=5, similarity_qvalue=6, ortho_identity=9, description=12
Read 253096 rows, 253096 passed filters
Loaded 177084 motif annotations (27072 unique motifs, 1605 unique TFs)
Loaded motif annotations (filter_for_annotation=True)

Pruning with database 1/2: hg38_500bp_up_100bp_down_full_tx_v10_clust.genes_vs_motifs.rankings

Pruning with database 2/2: hg38_10kbp_up_10kbp_down_full_tx_v10_clust.genes_vs_motifs.rankings

Total regulons before merging: 837
Total regulons after merging: 583
Total regulons after TF merging: 103
  Full run 20/30...
Loaded database 'hg38_500bp_up_100bp_down_full_tx_v10_clust.genes_vs_motifs.rankings': 5876 motifs × 27015 genes
Loaded database 'hg38_10kbp_up_10kbp_down_full_tx_v10_clust.genes_vs_motifs.rankings': 5876 motifs × 27090 genes
Loaded 2 databases
Reading annotation file: flashscenic_data/motifs-v10nr_clust-nr.hgnc-m0.001-o0.0.tbl
Column indices: motif_id=0, gene_name=5, similarity_qvalue=6, ortho_identity=9, description=12
Read 253096 rows, 253096 passed filters
Loaded 177084 motif annotations (27072 unique motifs, 1605 unique TFs)
Loaded motif annotations (filter_for_annotation=True)

Pruning with database 1/2: hg38_500bp_up_100bp_down_full_tx_v10_clust.genes_vs_motifs.rankings

Pruning with database 2/2: hg38_10kbp_up_10kbp_down_full_tx_v10_clust.genes_vs_motifs.rankings

Total regulons before merging: 965
Total regulons after merging: 653
Total regulons after TF merging: 109
  Full run 21/30...
Loaded database 'hg38_500bp_up_100bp_down_full_tx_v10_clust.genes_vs_motifs.rankings': 5876 motifs × 27015 genes
Loaded database 'hg38_10kbp_up_10kbp_down_full_tx_v10_clust.genes_vs_motifs.rankings': 5876 motifs × 27090 genes
Loaded 2 databases
Reading annotation file: flashscenic_data/motifs-v10nr_clust-nr.hgnc-m0.001-o0.0.tbl
Column indices: motif_id=0, gene_name=5, similarity_qvalue=6, ortho_identity=9, description=12
Read 253096 rows, 253096 passed filters
Loaded 177084 motif annotations (27072 unique motifs, 1605 unique TFs)
Loaded motif annotations (filter_for_annotation=True)

Pruning with database 1/2: hg38_500bp_up_100bp_down_full_tx_v10_clust.genes_vs_motifs.rankings

Pruning with database 2/2: hg38_10kbp_up_10kbp_down_full_tx_v10_clust.genes_vs_motifs.rankings

Total regulons before merging: 918
Total regulons after merging: 612
Total regulons after TF merging: 109
  Full run 22/30...
Loaded database 'hg38_500bp_up_100bp_down_full_tx_v10_clust.genes_vs_motifs.rankings': 5876 motifs × 27015 genes
Loaded database 'hg38_10kbp_up_10kbp_down_full_tx_v10_clust.genes_vs_motifs.rankings': 5876 motifs × 27090 genes
Loaded 2 databases
Reading annotation file: flashscenic_data/motifs-v10nr_clust-nr.hgnc-m0.001-o0.0.tbl
Column indices: motif_id=0, gene_name=5, similarity_qvalue=6, ortho_identity=9, description=12
Read 253096 rows, 253096 passed filters
Loaded 177084 motif annotations (27072 unique motifs, 1605 unique TFs)
Loaded motif annotations (filter_for_annotation=True)

Pruning with database 1/2: hg38_500bp_up_100bp_down_full_tx_v10_clust.genes_vs_motifs.rankings

Pruning with database 2/2: hg38_10kbp_up_10kbp_down_full_tx_v10_clust.genes_vs_motifs.rankings

Total regulons before merging: 824
Total regulons after merging: 598
Total regulons after TF merging: 109
  Full run 23/30...
Loaded database 'hg38_500bp_up_100bp_down_full_tx_v10_clust.genes_vs_motifs.rankings': 5876 motifs × 27015 genes
Loaded database 'hg38_10kbp_up_10kbp_down_full_tx_v10_clust.genes_vs_motifs.rankings': 5876 motifs × 27090 genes
Loaded 2 databases
Reading annotation file: flashscenic_data/motifs-v10nr_clust-nr.hgnc-m0.001-o0.0.tbl
Column indices: motif_id=0, gene_name=5, similarity_qvalue=6, ortho_identity=9, description=12
Read 253096 rows, 253096 passed filters
Loaded 177084 motif annotations (27072 unique motifs, 1605 unique TFs)
Loaded motif annotations (filter_for_annotation=True)

Pruning with database 1/2: hg38_500bp_up_100bp_down_full_tx_v10_clust.genes_vs_motifs.rankings

Pruning with database 2/2: hg38_10kbp_up_10kbp_down_full_tx_v10_clust.genes_vs_motifs.rankings

Total regulons before merging: 862
Total regulons after merging: 592
Total regulons after TF merging: 103
  Full run 24/30...
Loaded database 'hg38_500bp_up_100bp_down_full_tx_v10_clust.genes_vs_motifs.rankings': 5876 motifs × 27015 genes
Loaded database 'hg38_10kbp_up_10kbp_down_full_tx_v10_clust.genes_vs_motifs.rankings': 5876 motifs × 27090 genes
Loaded 2 databases
Reading annotation file: flashscenic_data/motifs-v10nr_clust-nr.hgnc-m0.001-o0.0.tbl
Column indices: motif_id=0, gene_name=5, similarity_qvalue=6, ortho_identity=9, description=12
Read 253096 rows, 253096 passed filters
Loaded 177084 motif annotations (27072 unique motifs, 1605 unique TFs)
Loaded motif annotations (filter_for_annotation=True)

Pruning with database 1/2: hg38_500bp_up_100bp_down_full_tx_v10_clust.genes_vs_motifs.rankings

Pruning with database 2/2: hg38_10kbp_up_10kbp_down_full_tx_v10_clust.genes_vs_motifs.rankings

Total regulons before merging: 936
Total regulons after merging: 664
Total regulons after TF merging: 113
  Full run 25/30...
Loaded database 'hg38_500bp_up_100bp_down_full_tx_v10_clust.genes_vs_motifs.rankings': 5876 motifs × 27015 genes
Loaded database 'hg38_10kbp_up_10kbp_down_full_tx_v10_clust.genes_vs_motifs.rankings': 5876 motifs × 27090 genes
Loaded 2 databases
Reading annotation file: flashscenic_data/motifs-v10nr_clust-nr.hgnc-m0.001-o0.0.tbl
Column indices: motif_id=0, gene_name=5, similarity_qvalue=6, ortho_identity=9, description=12
Read 253096 rows, 253096 passed filters
Loaded 177084 motif annotations (27072 unique motifs, 1605 unique TFs)
Loaded motif annotations (filter_for_annotation=True)

Pruning with database 1/2: hg38_500bp_up_100bp_down_full_tx_v10_clust.genes_vs_motifs.rankings

Pruning with database 2/2: hg38_10kbp_up_10kbp_down_full_tx_v10_clust.genes_vs_motifs.rankings

Total regulons before merging: 830
Total regulons after merging: 564
Total regulons after TF merging: 99
  Full run 26/30...
Loaded database 'hg38_500bp_up_100bp_down_full_tx_v10_clust.genes_vs_motifs.rankings': 5876 motifs × 27015 genes
Loaded database 'hg38_10kbp_up_10kbp_down_full_tx_v10_clust.genes_vs_motifs.rankings': 5876 motifs × 27090 genes
Loaded 2 databases
Reading annotation file: flashscenic_data/motifs-v10nr_clust-nr.hgnc-m0.001-o0.0.tbl
Column indices: motif_id=0, gene_name=5, similarity_qvalue=6, ortho_identity=9, description=12
Read 253096 rows, 253096 passed filters
Loaded 177084 motif annotations (27072 unique motifs, 1605 unique TFs)
Loaded motif annotations (filter_for_annotation=True)

Pruning with database 1/2: hg38_500bp_up_100bp_down_full_tx_v10_clust.genes_vs_motifs.rankings

Pruning with database 2/2: hg38_10kbp_up_10kbp_down_full_tx_v10_clust.genes_vs_motifs.rankings

Total regulons before merging: 866
Total regulons after merging: 601
Total regulons after TF merging: 110
  Full run 27/30...
Loaded database 'hg38_500bp_up_100bp_down_full_tx_v10_clust.genes_vs_motifs.rankings': 5876 motifs × 27015 genes
Loaded database 'hg38_10kbp_up_10kbp_down_full_tx_v10_clust.genes_vs_motifs.rankings': 5876 motifs × 27090 genes
Loaded 2 databases
Reading annotation file: flashscenic_data/motifs-v10nr_clust-nr.hgnc-m0.001-o0.0.tbl
Column indices: motif_id=0, gene_name=5, similarity_qvalue=6, ortho_identity=9, description=12
Read 253096 rows, 253096 passed filters
Loaded 177084 motif annotations (27072 unique motifs, 1605 unique TFs)
Loaded motif annotations (filter_for_annotation=True)

Pruning with database 1/2: hg38_500bp_up_100bp_down_full_tx_v10_clust.genes_vs_motifs.rankings

Pruning with database 2/2: hg38_10kbp_up_10kbp_down_full_tx_v10_clust.genes_vs_motifs.rankings

Total regulons before merging: 966
Total regulons after merging: 669
Total regulons after TF merging: 121
  Full run 28/30...
Loaded database 'hg38_500bp_up_100bp_down_full_tx_v10_clust.genes_vs_motifs.rankings': 5876 motifs × 27015 genes
Loaded database 'hg38_10kbp_up_10kbp_down_full_tx_v10_clust.genes_vs_motifs.rankings': 5876 motifs × 27090 genes
Loaded 2 databases
Reading annotation file: flashscenic_data/motifs-v10nr_clust-nr.hgnc-m0.001-o0.0.tbl
Column indices: motif_id=0, gene_name=5, similarity_qvalue=6, ortho_identity=9, description=12
Read 253096 rows, 253096 passed filters
Loaded 177084 motif annotations (27072 unique motifs, 1605 unique TFs)
Loaded motif annotations (filter_for_annotation=True)

Pruning with database 1/2: hg38_500bp_up_100bp_down_full_tx_v10_clust.genes_vs_motifs.rankings

Pruning with database 2/2: hg38_10kbp_up_10kbp_down_full_tx_v10_clust.genes_vs_motifs.rankings

Total regulons before merging: 929
Total regulons after merging: 636
Total regulons after TF merging: 117
  Full run 29/30...
Loaded database 'hg38_500bp_up_100bp_down_full_tx_v10_clust.genes_vs_motifs.rankings': 5876 motifs × 27015 genes
Loaded database 'hg38_10kbp_up_10kbp_down_full_tx_v10_clust.genes_vs_motifs.rankings': 5876 motifs × 27090 genes
Loaded 2 databases
Reading annotation file: flashscenic_data/motifs-v10nr_clust-nr.hgnc-m0.001-o0.0.tbl
Column indices: motif_id=0, gene_name=5, similarity_qvalue=6, ortho_identity=9, description=12
Read 253096 rows, 253096 passed filters
Loaded 177084 motif annotations (27072 unique motifs, 1605 unique TFs)
Loaded motif annotations (filter_for_annotation=True)

Pruning with database 1/2: hg38_500bp_up_100bp_down_full_tx_v10_clust.genes_vs_motifs.rankings

Pruning with database 2/2: hg38_10kbp_up_10kbp_down_full_tx_v10_clust.genes_vs_motifs.rankings

Total regulons before merging: 851
Total regulons after merging: 571
Total regulons after TF merging: 112
  Full run 30/30...
Loaded database 'hg38_500bp_up_100bp_down_full_tx_v10_clust.genes_vs_motifs.rankings': 5876 motifs × 27015 genes
Loaded database 'hg38_10kbp_up_10kbp_down_full_tx_v10_clust.genes_vs_motifs.rankings': 5876 motifs × 27090 genes
Loaded 2 databases
Reading annotation file: flashscenic_data/motifs-v10nr_clust-nr.hgnc-m0.001-o0.0.tbl
Column indices: motif_id=0, gene_name=5, similarity_qvalue=6, ortho_identity=9, description=12
Read 253096 rows, 253096 passed filters
Loaded 177084 motif annotations (27072 unique motifs, 1605 unique TFs)
Loaded motif annotations (filter_for_annotation=True)

Pruning with database 1/2: hg38_500bp_up_100bp_down_full_tx_v10_clust.genes_vs_motifs.rankings

Pruning with database 2/2: hg38_10kbp_up_10kbp_down_full_tx_v10_clust.genes_vs_motifs.rankings

Total regulons before merging: 791
Total regulons after merging: 554
Total regulons after TF merging: 112

Reference regulon set sizes at k=30:
  mean-adj:              15593 TF-gene pairs
  mean-adj+CV=1.0:      15593 TF-gene pairs
  mean-adj+CV=0.5:      15593 TF-gene pairs
  freq-baseline-50%:    14127 TF-gene pairs
  freq-baseline-75%:    9578 TF-gene pairs
  k=2...
Loaded database 'hg38_500bp_up_100bp_down_full_tx_v10_clust.genes_vs_motifs.rankings': 5876 motifs × 27015 genes
Loaded database 'hg38_10kbp_up_10kbp_down_full_tx_v10_clust.genes_vs_motifs.rankings': 5876 motifs × 27090 genes
Loaded 2 databases
Reading annotation file: flashscenic_data/motifs-v10nr_clust-nr.hgnc-m0.001-o0.0.tbl
Column indices: motif_id=0, gene_name=5, similarity_qvalue=6, ortho_identity=9, description=12
Read 253096 rows, 253096 passed filters
Loaded 177084 motif annotations (27072 unique motifs, 1605 unique TFs)
Loaded motif annotations (filter_for_annotation=True)

Pruning with database 1/2: hg38_500bp_up_100bp_down_full_tx_v10_clust.genes_vs_motifs.rankings

Pruning with database 2/2: hg38_10kbp_up_10kbp_down_full_tx_v10_clust.genes_vs_motifs.rankings

Total regulons before merging: 817
Total regulons after merging: 562
Total regulons after TF merging: 101
Loaded database 'hg38_500bp_up_100bp_down_full_tx_v10_clust.genes_vs_motifs.rankings': 5876 motifs × 27015 genes
Loaded database 'hg38_10kbp_up_10kbp_down_full_tx_v10_clust.genes_vs_motifs.rankings': 5876 motifs × 27090 genes
Loaded 2 databases
Reading annotation file: flashscenic_data/motifs-v10nr_clust-nr.hgnc-m0.001-o0.0.tbl
Column indices: motif_id=0, gene_name=5, similarity_qvalue=6, ortho_identity=9, description=12
Read 253096 rows, 253096 passed filters
Loaded 177084 motif annotations (27072 unique motifs, 1605 unique TFs)
Loaded motif annotations (filter_for_annotation=True)

Pruning with database 1/2: hg38_500bp_up_100bp_down_full_tx_v10_clust.genes_vs_motifs.rankings

Pruning with database 2/2: hg38_10kbp_up_10kbp_down_full_tx_v10_clust.genes_vs_motifs.rankings

Total regulons before merging: 817
Total regulons after merging: 562
Total regulons after TF merging: 101
Loaded database 'hg38_500bp_up_100bp_down_full_tx_v10_clust.genes_vs_motifs.rankings': 5876 motifs × 27015 genes
Loaded database 'hg38_10kbp_up_10kbp_down_full_tx_v10_clust.genes_vs_motifs.rankings': 5876 motifs × 27090 genes
Loaded 2 databases
Reading annotation file: flashscenic_data/motifs-v10nr_clust-nr.hgnc-m0.001-o0.0.tbl
Column indices: motif_id=0, gene_name=5, similarity_qvalue=6, ortho_identity=9, description=12
Read 253096 rows, 253096 passed filters
Loaded 177084 motif annotations (27072 unique motifs, 1605 unique TFs)
Loaded motif annotations (filter_for_annotation=True)

Pruning with database 1/2: hg38_500bp_up_100bp_down_full_tx_v10_clust.genes_vs_motifs.rankings

Pruning with database 2/2: hg38_10kbp_up_10kbp_down_full_tx_v10_clust.genes_vs_motifs.rankings

Total regulons before merging: 817
Total regulons after merging: 561
Total regulons after TF merging: 100
  k=3...
Loaded database 'hg38_500bp_up_100bp_down_full_tx_v10_clust.genes_vs_motifs.rankings': 5876 motifs × 27015 genes
Loaded database 'hg38_10kbp_up_10kbp_down_full_tx_v10_clust.genes_vs_motifs.rankings': 5876 motifs × 27090 genes
Loaded 2 databases
Reading annotation file: flashscenic_data/motifs-v10nr_clust-nr.hgnc-m0.001-o0.0.tbl
Column indices: motif_id=0, gene_name=5, similarity_qvalue=6, ortho_identity=9, description=12
Read 253096 rows, 253096 passed filters
Loaded 177084 motif annotations (27072 unique motifs, 1605 unique TFs)
Loaded motif annotations (filter_for_annotation=True)

Pruning with database 1/2: hg38_500bp_up_100bp_down_full_tx_v10_clust.genes_vs_motifs.rankings

Pruning with database 2/2: hg38_10kbp_up_10kbp_down_full_tx_v10_clust.genes_vs_motifs.rankings

Total regulons before merging: 821
Total regulons after merging: 559
Total regulons after TF merging: 101
Loaded database 'hg38_500bp_up_100bp_down_full_tx_v10_clust.genes_vs_motifs.rankings': 5876 motifs × 27015 genes
Loaded database 'hg38_10kbp_up_10kbp_down_full_tx_v10_clust.genes_vs_motifs.rankings': 5876 motifs × 27090 genes
Loaded 2 databases
Reading annotation file: flashscenic_data/motifs-v10nr_clust-nr.hgnc-m0.001-o0.0.tbl
Column indices: motif_id=0, gene_name=5, similarity_qvalue=6, ortho_identity=9, description=12
Read 253096 rows, 253096 passed filters
Loaded 177084 motif annotations (27072 unique motifs, 1605 unique TFs)
Loaded motif annotations (filter_for_annotation=True)

Pruning with database 1/2: hg38_500bp_up_100bp_down_full_tx_v10_clust.genes_vs_motifs.rankings

Pruning with database 2/2: hg38_10kbp_up_10kbp_down_full_tx_v10_clust.genes_vs_motifs.rankings

Total regulons before merging: 821
Total regulons after merging: 559
Total regulons after TF merging: 101
Loaded database 'hg38_500bp_up_100bp_down_full_tx_v10_clust.genes_vs_motifs.rankings': 5876 motifs × 27015 genes
Loaded database 'hg38_10kbp_up_10kbp_down_full_tx_v10_clust.genes_vs_motifs.rankings': 5876 motifs × 27090 genes
Loaded 2 databases
Reading annotation file: flashscenic_data/motifs-v10nr_clust-nr.hgnc-m0.001-o0.0.tbl
Column indices: motif_id=0, gene_name=5, similarity_qvalue=6, ortho_identity=9, description=12
Read 253096 rows, 253096 passed filters
Loaded 177084 motif annotations (27072 unique motifs, 1605 unique TFs)
Loaded motif annotations (filter_for_annotation=True)

Pruning with database 1/2: hg38_500bp_up_100bp_down_full_tx_v10_clust.genes_vs_motifs.rankings

Pruning with database 2/2: hg38_10kbp_up_10kbp_down_full_tx_v10_clust.genes_vs_motifs.rankings

Total regulons before merging: 821
Total regulons after merging: 559
Total regulons after TF merging: 101
  k=4...
Loaded database 'hg38_500bp_up_100bp_down_full_tx_v10_clust.genes_vs_motifs.rankings': 5876 motifs × 27015 genes
Loaded database 'hg38_10kbp_up_10kbp_down_full_tx_v10_clust.genes_vs_motifs.rankings': 5876 motifs × 27090 genes
Loaded 2 databases
Reading annotation file: flashscenic_data/motifs-v10nr_clust-nr.hgnc-m0.001-o0.0.tbl
Column indices: motif_id=0, gene_name=5, similarity_qvalue=6, ortho_identity=9, description=12
Read 253096 rows, 253096 passed filters
Loaded 177084 motif annotations (27072 unique motifs, 1605 unique TFs)
Loaded motif annotations (filter_for_annotation=True)

Pruning with database 1/2: hg38_500bp_up_100bp_down_full_tx_v10_clust.genes_vs_motifs.rankings

Pruning with database 2/2: hg38_10kbp_up_10kbp_down_full_tx_v10_clust.genes_vs_motifs.rankings

Total regulons before merging: 856
Total regulons after merging: 586
Total regulons after TF merging: 102
Loaded database 'hg38_500bp_up_100bp_down_full_tx_v10_clust.genes_vs_motifs.rankings': 5876 motifs × 27015 genes
Loaded database 'hg38_10kbp_up_10kbp_down_full_tx_v10_clust.genes_vs_motifs.rankings': 5876 motifs × 27090 genes
Loaded 2 databases
Reading annotation file: flashscenic_data/motifs-v10nr_clust-nr.hgnc-m0.001-o0.0.tbl
Column indices: motif_id=0, gene_name=5, similarity_qvalue=6, ortho_identity=9, description=12
Read 253096 rows, 253096 passed filters
Loaded 177084 motif annotations (27072 unique motifs, 1605 unique TFs)
Loaded motif annotations (filter_for_annotation=True)

Pruning with database 1/2: hg38_500bp_up_100bp_down_full_tx_v10_clust.genes_vs_motifs.rankings

Pruning with database 2/2: hg38_10kbp_up_10kbp_down_full_tx_v10_clust.genes_vs_motifs.rankings

Total regulons before merging: 856
Total regulons after merging: 586
Total regulons after TF merging: 102
Loaded database 'hg38_500bp_up_100bp_down_full_tx_v10_clust.genes_vs_motifs.rankings': 5876 motifs × 27015 genes
Loaded database 'hg38_10kbp_up_10kbp_down_full_tx_v10_clust.genes_vs_motifs.rankings': 5876 motifs × 27090 genes
Loaded 2 databases
Reading annotation file: flashscenic_data/motifs-v10nr_clust-nr.hgnc-m0.001-o0.0.tbl
Column indices: motif_id=0, gene_name=5, similarity_qvalue=6, ortho_identity=9, description=12
Read 253096 rows, 253096 passed filters
Loaded 177084 motif annotations (27072 unique motifs, 1605 unique TFs)
Loaded motif annotations (filter_for_annotation=True)

Pruning with database 1/2: hg38_500bp_up_100bp_down_full_tx_v10_clust.genes_vs_motifs.rankings

Pruning with database 2/2: hg38_10kbp_up_10kbp_down_full_tx_v10_clust.genes_vs_motifs.rankings

Total regulons before merging: 856
Total regulons after merging: 586
Total regulons after TF merging: 102
  k=5...
Loaded database 'hg38_500bp_up_100bp_down_full_tx_v10_clust.genes_vs_motifs.rankings': 5876 motifs × 27015 genes
Loaded database 'hg38_10kbp_up_10kbp_down_full_tx_v10_clust.genes_vs_motifs.rankings': 5876 motifs × 27090 genes
Loaded 2 databases
Reading annotation file: flashscenic_data/motifs-v10nr_clust-nr.hgnc-m0.001-o0.0.tbl
Column indices: motif_id=0, gene_name=5, similarity_qvalue=6, ortho_identity=9, description=12
Read 253096 rows, 253096 passed filters
Loaded 177084 motif annotations (27072 unique motifs, 1605 unique TFs)
Loaded motif annotations (filter_for_annotation=True)

Pruning with database 1/2: hg38_500bp_up_100bp_down_full_tx_v10_clust.genes_vs_motifs.rankings

Pruning with database 2/2: hg38_10kbp_up_10kbp_down_full_tx_v10_clust.genes_vs_motifs.rankings

Total regulons before merging: 878
Total regulons after merging: 607
Total regulons after TF merging: 100
Loaded database 'hg38_500bp_up_100bp_down_full_tx_v10_clust.genes_vs_motifs.rankings': 5876 motifs × 27015 genes
Loaded database 'hg38_10kbp_up_10kbp_down_full_tx_v10_clust.genes_vs_motifs.rankings': 5876 motifs × 27090 genes
Loaded 2 databases
Reading annotation file: flashscenic_data/motifs-v10nr_clust-nr.hgnc-m0.001-o0.0.tbl
Column indices: motif_id=0, gene_name=5, similarity_qvalue=6, ortho_identity=9, description=12
Read 253096 rows, 253096 passed filters
Loaded 177084 motif annotations (27072 unique motifs, 1605 unique TFs)
Loaded motif annotations (filter_for_annotation=True)

Pruning with database 1/2: hg38_500bp_up_100bp_down_full_tx_v10_clust.genes_vs_motifs.rankings

Pruning with database 2/2: hg38_10kbp_up_10kbp_down_full_tx_v10_clust.genes_vs_motifs.rankings

Total regulons before merging: 878
Total regulons after merging: 607
Total regulons after TF merging: 100
Loaded database 'hg38_500bp_up_100bp_down_full_tx_v10_clust.genes_vs_motifs.rankings': 5876 motifs × 27015 genes
Loaded database 'hg38_10kbp_up_10kbp_down_full_tx_v10_clust.genes_vs_motifs.rankings': 5876 motifs × 27090 genes
Loaded 2 databases
Reading annotation file: flashscenic_data/motifs-v10nr_clust-nr.hgnc-m0.001-o0.0.tbl
Column indices: motif_id=0, gene_name=5, similarity_qvalue=6, ortho_identity=9, description=12
Read 253096 rows, 253096 passed filters
Loaded 177084 motif annotations (27072 unique motifs, 1605 unique TFs)
Loaded motif annotations (filter_for_annotation=True)

Pruning with database 1/2: hg38_500bp_up_100bp_down_full_tx_v10_clust.genes_vs_motifs.rankings

Pruning with database 2/2: hg38_10kbp_up_10kbp_down_full_tx_v10_clust.genes_vs_motifs.rankings

Total regulons before merging: 878
Total regulons after merging: 607
Total regulons after TF merging: 100
  k=6...
Loaded database 'hg38_500bp_up_100bp_down_full_tx_v10_clust.genes_vs_motifs.rankings': 5876 motifs × 27015 genes
Loaded database 'hg38_10kbp_up_10kbp_down_full_tx_v10_clust.genes_vs_motifs.rankings': 5876 motifs × 27090 genes
Loaded 2 databases
Reading annotation file: flashscenic_data/motifs-v10nr_clust-nr.hgnc-m0.001-o0.0.tbl
Column indices: motif_id=0, gene_name=5, similarity_qvalue=6, ortho_identity=9, description=12
Read 253096 rows, 253096 passed filters
Loaded 177084 motif annotations (27072 unique motifs, 1605 unique TFs)
Loaded motif annotations (filter_for_annotation=True)

Pruning with database 1/2: hg38_500bp_up_100bp_down_full_tx_v10_clust.genes_vs_motifs.rankings

Pruning with database 2/2: hg38_10kbp_up_10kbp_down_full_tx_v10_clust.genes_vs_motifs.rankings

Total regulons before merging: 856
Total regulons after merging: 599
Total regulons after TF merging: 96
Loaded database 'hg38_500bp_up_100bp_down_full_tx_v10_clust.genes_vs_motifs.rankings': 5876 motifs × 27015 genes
Loaded database 'hg38_10kbp_up_10kbp_down_full_tx_v10_clust.genes_vs_motifs.rankings': 5876 motifs × 27090 genes
Loaded 2 databases
Reading annotation file: flashscenic_data/motifs-v10nr_clust-nr.hgnc-m0.001-o0.0.tbl
Column indices: motif_id=0, gene_name=5, similarity_qvalue=6, ortho_identity=9, description=12
Read 253096 rows, 253096 passed filters
Loaded 177084 motif annotations (27072 unique motifs, 1605 unique TFs)
Loaded motif annotations (filter_for_annotation=True)

Pruning with database 1/2: hg38_500bp_up_100bp_down_full_tx_v10_clust.genes_vs_motifs.rankings

Pruning with database 2/2: hg38_10kbp_up_10kbp_down_full_tx_v10_clust.genes_vs_motifs.rankings

Total regulons before merging: 856
Total regulons after merging: 599
Total regulons after TF merging: 96
Loaded database 'hg38_500bp_up_100bp_down_full_tx_v10_clust.genes_vs_motifs.rankings': 5876 motifs × 27015 genes
Loaded database 'hg38_10kbp_up_10kbp_down_full_tx_v10_clust.genes_vs_motifs.rankings': 5876 motifs × 27090 genes
Loaded 2 databases
Reading annotation file: flashscenic_data/motifs-v10nr_clust-nr.hgnc-m0.001-o0.0.tbl
Column indices: motif_id=0, gene_name=5, similarity_qvalue=6, ortho_identity=9, description=12
Read 253096 rows, 253096 passed filters
Loaded 177084 motif annotations (27072 unique motifs, 1605 unique TFs)
Loaded motif annotations (filter_for_annotation=True)

Pruning with database 1/2: hg38_500bp_up_100bp_down_full_tx_v10_clust.genes_vs_motifs.rankings

Pruning with database 2/2: hg38_10kbp_up_10kbp_down_full_tx_v10_clust.genes_vs_motifs.rankings

Total regulons before merging: 856
Total regulons after merging: 599
Total regulons after TF merging: 96
  k=7...
Loaded database 'hg38_500bp_up_100bp_down_full_tx_v10_clust.genes_vs_motifs.rankings': 5876 motifs × 27015 genes
Loaded database 'hg38_10kbp_up_10kbp_down_full_tx_v10_clust.genes_vs_motifs.rankings': 5876 motifs × 27090 genes
Loaded 2 databases
Reading annotation file: flashscenic_data/motifs-v10nr_clust-nr.hgnc-m0.001-o0.0.tbl
Column indices: motif_id=0, gene_name=5, similarity_qvalue=6, ortho_identity=9, description=12
Read 253096 rows, 253096 passed filters
Loaded 177084 motif annotations (27072 unique motifs, 1605 unique TFs)
Loaded motif annotations (filter_for_annotation=True)

Pruning with database 1/2: hg38_500bp_up_100bp_down_full_tx_v10_clust.genes_vs_motifs.rankings

Pruning with database 2/2: hg38_10kbp_up_10kbp_down_full_tx_v10_clust.genes_vs_motifs.rankings

Total regulons before merging: 857
Total regulons after merging: 597
Total regulons after TF merging: 99
Loaded database 'hg38_500bp_up_100bp_down_full_tx_v10_clust.genes_vs_motifs.rankings': 5876 motifs × 27015 genes
Loaded database 'hg38_10kbp_up_10kbp_down_full_tx_v10_clust.genes_vs_motifs.rankings': 5876 motifs × 27090 genes
Loaded 2 databases
Reading annotation file: flashscenic_data/motifs-v10nr_clust-nr.hgnc-m0.001-o0.0.tbl
Column indices: motif_id=0, gene_name=5, similarity_qvalue=6, ortho_identity=9, description=12
Read 253096 rows, 253096 passed filters
Loaded 177084 motif annotations (27072 unique motifs, 1605 unique TFs)
Loaded motif annotations (filter_for_annotation=True)

Pruning with database 1/2: hg38_500bp_up_100bp_down_full_tx_v10_clust.genes_vs_motifs.rankings

Pruning with database 2/2: hg38_10kbp_up_10kbp_down_full_tx_v10_clust.genes_vs_motifs.rankings

Total regulons before merging: 857
Total regulons after merging: 597
Total regulons after TF merging: 99
Loaded database 'hg38_500bp_up_100bp_down_full_tx_v10_clust.genes_vs_motifs.rankings': 5876 motifs × 27015 genes
Loaded database 'hg38_10kbp_up_10kbp_down_full_tx_v10_clust.genes_vs_motifs.rankings': 5876 motifs × 27090 genes
Loaded 2 databases
Reading annotation file: flashscenic_data/motifs-v10nr_clust-nr.hgnc-m0.001-o0.0.tbl
Column indices: motif_id=0, gene_name=5, similarity_qvalue=6, ortho_identity=9, description=12
Read 253096 rows, 253096 passed filters
Loaded 177084 motif annotations (27072 unique motifs, 1605 unique TFs)
Loaded motif annotations (filter_for_annotation=True)

Pruning with database 1/2: hg38_500bp_up_100bp_down_full_tx_v10_clust.genes_vs_motifs.rankings

Pruning with database 2/2: hg38_10kbp_up_10kbp_down_full_tx_v10_clust.genes_vs_motifs.rankings

Total regulons before merging: 857
Total regulons after merging: 597
Total regulons after TF merging: 99
  k=8...
Loaded database 'hg38_500bp_up_100bp_down_full_tx_v10_clust.genes_vs_motifs.rankings': 5876 motifs × 27015 genes
Loaded database 'hg38_10kbp_up_10kbp_down_full_tx_v10_clust.genes_vs_motifs.rankings': 5876 motifs × 27090 genes
Loaded 2 databases
Reading annotation file: flashscenic_data/motifs-v10nr_clust-nr.hgnc-m0.001-o0.0.tbl
Column indices: motif_id=0, gene_name=5, similarity_qvalue=6, ortho_identity=9, description=12
Read 253096 rows, 253096 passed filters
Loaded 177084 motif annotations (27072 unique motifs, 1605 unique TFs)
Loaded motif annotations (filter_for_annotation=True)

Pruning with database 1/2: hg38_500bp_up_100bp_down_full_tx_v10_clust.genes_vs_motifs.rankings

Pruning with database 2/2: hg38_10kbp_up_10kbp_down_full_tx_v10_clust.genes_vs_motifs.rankings

Total regulons before merging: 840
Total regulons after merging: 585
Total regulons after TF merging: 95
Loaded database 'hg38_500bp_up_100bp_down_full_tx_v10_clust.genes_vs_motifs.rankings': 5876 motifs × 27015 genes
Loaded database 'hg38_10kbp_up_10kbp_down_full_tx_v10_clust.genes_vs_motifs.rankings': 5876 motifs × 27090 genes
Loaded 2 databases
Reading annotation file: flashscenic_data/motifs-v10nr_clust-nr.hgnc-m0.001-o0.0.tbl
Column indices: motif_id=0, gene_name=5, similarity_qvalue=6, ortho_identity=9, description=12
Read 253096 rows, 253096 passed filters
Loaded 177084 motif annotations (27072 unique motifs, 1605 unique TFs)
Loaded motif annotations (filter_for_annotation=True)

Pruning with database 1/2: hg38_500bp_up_100bp_down_full_tx_v10_clust.genes_vs_motifs.rankings

Pruning with database 2/2: hg38_10kbp_up_10kbp_down_full_tx_v10_clust.genes_vs_motifs.rankings

Total regulons before merging: 840
Total regulons after merging: 585
Total regulons after TF merging: 95
Loaded database 'hg38_500bp_up_100bp_down_full_tx_v10_clust.genes_vs_motifs.rankings': 5876 motifs × 27015 genes
Loaded database 'hg38_10kbp_up_10kbp_down_full_tx_v10_clust.genes_vs_motifs.rankings': 5876 motifs × 27090 genes
Loaded 2 databases
Reading annotation file: flashscenic_data/motifs-v10nr_clust-nr.hgnc-m0.001-o0.0.tbl
Column indices: motif_id=0, gene_name=5, similarity_qvalue=6, ortho_identity=9, description=12
Read 253096 rows, 253096 passed filters
Loaded 177084 motif annotations (27072 unique motifs, 1605 unique TFs)
Loaded motif annotations (filter_for_annotation=True)

Pruning with database 1/2: hg38_500bp_up_100bp_down_full_tx_v10_clust.genes_vs_motifs.rankings

Pruning with database 2/2: hg38_10kbp_up_10kbp_down_full_tx_v10_clust.genes_vs_motifs.rankings

Total regulons before merging: 840
Total regulons after merging: 585
Total regulons after TF merging: 95
  k=9...
Loaded database 'hg38_500bp_up_100bp_down_full_tx_v10_clust.genes_vs_motifs.rankings': 5876 motifs × 27015 genes
Loaded database 'hg38_10kbp_up_10kbp_down_full_tx_v10_clust.genes_vs_motifs.rankings': 5876 motifs × 27090 genes
Loaded 2 databases
Reading annotation file: flashscenic_data/motifs-v10nr_clust-nr.hgnc-m0.001-o0.0.tbl
Column indices: motif_id=0, gene_name=5, similarity_qvalue=6, ortho_identity=9, description=12
Read 253096 rows, 253096 passed filters
Loaded 177084 motif annotations (27072 unique motifs, 1605 unique TFs)
Loaded motif annotations (filter_for_annotation=True)

Pruning with database 1/2: hg38_500bp_up_100bp_down_full_tx_v10_clust.genes_vs_motifs.rankings

Pruning with database 2/2: hg38_10kbp_up_10kbp_down_full_tx_v10_clust.genes_vs_motifs.rankings

Total regulons before merging: 836
Total regulons after merging: 578
Total regulons after TF merging: 93
Loaded database 'hg38_500bp_up_100bp_down_full_tx_v10_clust.genes_vs_motifs.rankings': 5876 motifs × 27015 genes
Loaded database 'hg38_10kbp_up_10kbp_down_full_tx_v10_clust.genes_vs_motifs.rankings': 5876 motifs × 27090 genes
Loaded 2 databases
Reading annotation file: flashscenic_data/motifs-v10nr_clust-nr.hgnc-m0.001-o0.0.tbl
Column indices: motif_id=0, gene_name=5, similarity_qvalue=6, ortho_identity=9, description=12
Read 253096 rows, 253096 passed filters
Loaded 177084 motif annotations (27072 unique motifs, 1605 unique TFs)
Loaded motif annotations (filter_for_annotation=True)

Pruning with database 1/2: hg38_500bp_up_100bp_down_full_tx_v10_clust.genes_vs_motifs.rankings

Pruning with database 2/2: hg38_10kbp_up_10kbp_down_full_tx_v10_clust.genes_vs_motifs.rankings

Total regulons before merging: 836
Total regulons after merging: 578
Total regulons after TF merging: 93
Loaded database 'hg38_500bp_up_100bp_down_full_tx_v10_clust.genes_vs_motifs.rankings': 5876 motifs × 27015 genes
Loaded database 'hg38_10kbp_up_10kbp_down_full_tx_v10_clust.genes_vs_motifs.rankings': 5876 motifs × 27090 genes
Loaded 2 databases
Reading annotation file: flashscenic_data/motifs-v10nr_clust-nr.hgnc-m0.001-o0.0.tbl
Column indices: motif_id=0, gene_name=5, similarity_qvalue=6, ortho_identity=9, description=12
Read 253096 rows, 253096 passed filters
Loaded 177084 motif annotations (27072 unique motifs, 1605 unique TFs)
Loaded motif annotations (filter_for_annotation=True)

Pruning with database 1/2: hg38_500bp_up_100bp_down_full_tx_v10_clust.genes_vs_motifs.rankings

Pruning with database 2/2: hg38_10kbp_up_10kbp_down_full_tx_v10_clust.genes_vs_motifs.rankings

Total regulons before merging: 836
Total regulons after merging: 578
Total regulons after TF merging: 93
  k=10...
Loaded database 'hg38_500bp_up_100bp_down_full_tx_v10_clust.genes_vs_motifs.rankings': 5876 motifs × 27015 genes
Loaded database 'hg38_10kbp_up_10kbp_down_full_tx_v10_clust.genes_vs_motifs.rankings': 5876 motifs × 27090 genes
Loaded 2 databases
Reading annotation file: flashscenic_data/motifs-v10nr_clust-nr.hgnc-m0.001-o0.0.tbl
Column indices: motif_id=0, gene_name=5, similarity_qvalue=6, ortho_identity=9, description=12
Read 253096 rows, 253096 passed filters
Loaded 177084 motif annotations (27072 unique motifs, 1605 unique TFs)
Loaded motif annotations (filter_for_annotation=True)

Pruning with database 1/2: hg38_500bp_up_100bp_down_full_tx_v10_clust.genes_vs_motifs.rankings

Pruning with database 2/2: hg38_10kbp_up_10kbp_down_full_tx_v10_clust.genes_vs_motifs.rankings

Total regulons before merging: 814
Total regulons after merging: 555
Total regulons after TF merging: 95
Loaded database 'hg38_500bp_up_100bp_down_full_tx_v10_clust.genes_vs_motifs.rankings': 5876 motifs × 27015 genes
Loaded database 'hg38_10kbp_up_10kbp_down_full_tx_v10_clust.genes_vs_motifs.rankings': 5876 motifs × 27090 genes
Loaded 2 databases
Reading annotation file: flashscenic_data/motifs-v10nr_clust-nr.hgnc-m0.001-o0.0.tbl
Column indices: motif_id=0, gene_name=5, similarity_qvalue=6, ortho_identity=9, description=12
Read 253096 rows, 253096 passed filters
Loaded 177084 motif annotations (27072 unique motifs, 1605 unique TFs)
Loaded motif annotations (filter_for_annotation=True)

Pruning with database 1/2: hg38_500bp_up_100bp_down_full_tx_v10_clust.genes_vs_motifs.rankings

Pruning with database 2/2: hg38_10kbp_up_10kbp_down_full_tx_v10_clust.genes_vs_motifs.rankings

Total regulons before merging: 814
Total regulons after merging: 555
Total regulons after TF merging: 95
Loaded database 'hg38_500bp_up_100bp_down_full_tx_v10_clust.genes_vs_motifs.rankings': 5876 motifs × 27015 genes
Loaded database 'hg38_10kbp_up_10kbp_down_full_tx_v10_clust.genes_vs_motifs.rankings': 5876 motifs × 27090 genes
Loaded 2 databases
Reading annotation file: flashscenic_data/motifs-v10nr_clust-nr.hgnc-m0.001-o0.0.tbl
Column indices: motif_id=0, gene_name=5, similarity_qvalue=6, ortho_identity=9, description=12
Read 253096 rows, 253096 passed filters
Loaded 177084 motif annotations (27072 unique motifs, 1605 unique TFs)
Loaded motif annotations (filter_for_annotation=True)

Pruning with database 1/2: hg38_500bp_up_100bp_down_full_tx_v10_clust.genes_vs_motifs.rankings

Pruning with database 2/2: hg38_10kbp_up_10kbp_down_full_tx_v10_clust.genes_vs_motifs.rankings

Total regulons before merging: 814
Total regulons after merging: 555
Total regulons after TF merging: 95
  k=11...
Loaded database 'hg38_500bp_up_100bp_down_full_tx_v10_clust.genes_vs_motifs.rankings': 5876 motifs × 27015 genes
Loaded database 'hg38_10kbp_up_10kbp_down_full_tx_v10_clust.genes_vs_motifs.rankings': 5876 motifs × 27090 genes
Loaded 2 databases
Reading annotation file: flashscenic_data/motifs-v10nr_clust-nr.hgnc-m0.001-o0.0.tbl
Column indices: motif_id=0, gene_name=5, similarity_qvalue=6, ortho_identity=9, description=12
Read 253096 rows, 253096 passed filters
Loaded 177084 motif annotations (27072 unique motifs, 1605 unique TFs)
Loaded motif annotations (filter_for_annotation=True)

Pruning with database 1/2: hg38_500bp_up_100bp_down_full_tx_v10_clust.genes_vs_motifs.rankings

Pruning with database 2/2: hg38_10kbp_up_10kbp_down_full_tx_v10_clust.genes_vs_motifs.rankings

Total regulons before merging: 830
Total regulons after merging: 594
Total regulons after TF merging: 100
Loaded database 'hg38_500bp_up_100bp_down_full_tx_v10_clust.genes_vs_motifs.rankings': 5876 motifs × 27015 genes
Loaded database 'hg38_10kbp_up_10kbp_down_full_tx_v10_clust.genes_vs_motifs.rankings': 5876 motifs × 27090 genes
Loaded 2 databases
Reading annotation file: flashscenic_data/motifs-v10nr_clust-nr.hgnc-m0.001-o0.0.tbl
Column indices: motif_id=0, gene_name=5, similarity_qvalue=6, ortho_identity=9, description=12
Read 253096 rows, 253096 passed filters
Loaded 177084 motif annotations (27072 unique motifs, 1605 unique TFs)
Loaded motif annotations (filter_for_annotation=True)

Pruning with database 1/2: hg38_500bp_up_100bp_down_full_tx_v10_clust.genes_vs_motifs.rankings

Pruning with database 2/2: hg38_10kbp_up_10kbp_down_full_tx_v10_clust.genes_vs_motifs.rankings

Total regulons before merging: 830
Total regulons after merging: 594
Total regulons after TF merging: 100
Loaded database 'hg38_500bp_up_100bp_down_full_tx_v10_clust.genes_vs_motifs.rankings': 5876 motifs × 27015 genes
Loaded database 'hg38_10kbp_up_10kbp_down_full_tx_v10_clust.genes_vs_motifs.rankings': 5876 motifs × 27090 genes
Loaded 2 databases
Reading annotation file: flashscenic_data/motifs-v10nr_clust-nr.hgnc-m0.001-o0.0.tbl
Column indices: motif_id=0, gene_name=5, similarity_qvalue=6, ortho_identity=9, description=12
Read 253096 rows, 253096 passed filters
Loaded 177084 motif annotations (27072 unique motifs, 1605 unique TFs)
Loaded motif annotations (filter_for_annotation=True)

Pruning with database 1/2: hg38_500bp_up_100bp_down_full_tx_v10_clust.genes_vs_motifs.rankings

Pruning with database 2/2: hg38_10kbp_up_10kbp_down_full_tx_v10_clust.genes_vs_motifs.rankings

Total regulons before merging: 830
Total regulons after merging: 594
Total regulons after TF merging: 100
  k=12...
Loaded database 'hg38_500bp_up_100bp_down_full_tx_v10_clust.genes_vs_motifs.rankings': 5876 motifs × 27015 genes
Loaded database 'hg38_10kbp_up_10kbp_down_full_tx_v10_clust.genes_vs_motifs.rankings': 5876 motifs × 27090 genes
Loaded 2 databases
Reading annotation file: flashscenic_data/motifs-v10nr_clust-nr.hgnc-m0.001-o0.0.tbl
Column indices: motif_id=0, gene_name=5, similarity_qvalue=6, ortho_identity=9, description=12
Read 253096 rows, 253096 passed filters
Loaded 177084 motif annotations (27072 unique motifs, 1605 unique TFs)
Loaded motif annotations (filter_for_annotation=True)

Pruning with database 1/2: hg38_500bp_up_100bp_down_full_tx_v10_clust.genes_vs_motifs.rankings

Pruning with database 2/2: hg38_10kbp_up_10kbp_down_full_tx_v10_clust.genes_vs_motifs.rankings

Total regulons before merging: 821
Total regulons after merging: 581
Total regulons after TF merging: 98
Loaded database 'hg38_500bp_up_100bp_down_full_tx_v10_clust.genes_vs_motifs.rankings': 5876 motifs × 27015 genes
Loaded database 'hg38_10kbp_up_10kbp_down_full_tx_v10_clust.genes_vs_motifs.rankings': 5876 motifs × 27090 genes
Loaded 2 databases
Reading annotation file: flashscenic_data/motifs-v10nr_clust-nr.hgnc-m0.001-o0.0.tbl
Column indices: motif_id=0, gene_name=5, similarity_qvalue=6, ortho_identity=9, description=12
Read 253096 rows, 253096 passed filters
Loaded 177084 motif annotations (27072 unique motifs, 1605 unique TFs)
Loaded motif annotations (filter_for_annotation=True)

Pruning with database 1/2: hg38_500bp_up_100bp_down_full_tx_v10_clust.genes_vs_motifs.rankings

Pruning with database 2/2: hg38_10kbp_up_10kbp_down_full_tx_v10_clust.genes_vs_motifs.rankings

Total regulons before merging: 821
Total regulons after merging: 581
Total regulons after TF merging: 98
Loaded database 'hg38_500bp_up_100bp_down_full_tx_v10_clust.genes_vs_motifs.rankings': 5876 motifs × 27015 genes
Loaded database 'hg38_10kbp_up_10kbp_down_full_tx_v10_clust.genes_vs_motifs.rankings': 5876 motifs × 27090 genes
Loaded 2 databases
Reading annotation file: flashscenic_data/motifs-v10nr_clust-nr.hgnc-m0.001-o0.0.tbl
Column indices: motif_id=0, gene_name=5, similarity_qvalue=6, ortho_identity=9, description=12
Read 253096 rows, 253096 passed filters
Loaded 177084 motif annotations (27072 unique motifs, 1605 unique TFs)
Loaded motif annotations (filter_for_annotation=True)

Pruning with database 1/2: hg38_500bp_up_100bp_down_full_tx_v10_clust.genes_vs_motifs.rankings

Pruning with database 2/2: hg38_10kbp_up_10kbp_down_full_tx_v10_clust.genes_vs_motifs.rankings

Total regulons before merging: 821
Total regulons after merging: 581
Total regulons after TF merging: 98
  k=13...
Loaded database 'hg38_500bp_up_100bp_down_full_tx_v10_clust.genes_vs_motifs.rankings': 5876 motifs × 27015 genes
Loaded database 'hg38_10kbp_up_10kbp_down_full_tx_v10_clust.genes_vs_motifs.rankings': 5876 motifs × 27090 genes
Loaded 2 databases
Reading annotation file: flashscenic_data/motifs-v10nr_clust-nr.hgnc-m0.001-o0.0.tbl
Column indices: motif_id=0, gene_name=5, similarity_qvalue=6, ortho_identity=9, description=12
Read 253096 rows, 253096 passed filters
Loaded 177084 motif annotations (27072 unique motifs, 1605 unique TFs)
Loaded motif annotations (filter_for_annotation=True)

Pruning with database 1/2: hg38_500bp_up_100bp_down_full_tx_v10_clust.genes_vs_motifs.rankings

Pruning with database 2/2: hg38_10kbp_up_10kbp_down_full_tx_v10_clust.genes_vs_motifs.rankings

Total regulons before merging: 815
Total regulons after merging: 563
Total regulons after TF merging: 100
Loaded database 'hg38_500bp_up_100bp_down_full_tx_v10_clust.genes_vs_motifs.rankings': 5876 motifs × 27015 genes
Loaded database 'hg38_10kbp_up_10kbp_down_full_tx_v10_clust.genes_vs_motifs.rankings': 5876 motifs × 27090 genes
Loaded 2 databases
Reading annotation file: flashscenic_data/motifs-v10nr_clust-nr.hgnc-m0.001-o0.0.tbl
Column indices: motif_id=0, gene_name=5, similarity_qvalue=6, ortho_identity=9, description=12
Read 253096 rows, 253096 passed filters
Loaded 177084 motif annotations (27072 unique motifs, 1605 unique TFs)
Loaded motif annotations (filter_for_annotation=True)

Pruning with database 1/2: hg38_500bp_up_100bp_down_full_tx_v10_clust.genes_vs_motifs.rankings

Pruning with database 2/2: hg38_10kbp_up_10kbp_down_full_tx_v10_clust.genes_vs_motifs.rankings

Total regulons before merging: 815
Total regulons after merging: 563
Total regulons after TF merging: 100
Loaded database 'hg38_500bp_up_100bp_down_full_tx_v10_clust.genes_vs_motifs.rankings': 5876 motifs × 27015 genes
Loaded database 'hg38_10kbp_up_10kbp_down_full_tx_v10_clust.genes_vs_motifs.rankings': 5876 motifs × 27090 genes
Loaded 2 databases
Reading annotation file: flashscenic_data/motifs-v10nr_clust-nr.hgnc-m0.001-o0.0.tbl
Column indices: motif_id=0, gene_name=5, similarity_qvalue=6, ortho_identity=9, description=12
Read 253096 rows, 253096 passed filters
Loaded 177084 motif annotations (27072 unique motifs, 1605 unique TFs)
Loaded motif annotations (filter_for_annotation=True)

Pruning with database 1/2: hg38_500bp_up_100bp_down_full_tx_v10_clust.genes_vs_motifs.rankings

Pruning with database 2/2: hg38_10kbp_up_10kbp_down_full_tx_v10_clust.genes_vs_motifs.rankings

Total regulons before merging: 815
Total regulons after merging: 563
Total regulons after TF merging: 100
  k=14...
Loaded database 'hg38_500bp_up_100bp_down_full_tx_v10_clust.genes_vs_motifs.rankings': 5876 motifs × 27015 genes
Loaded database 'hg38_10kbp_up_10kbp_down_full_tx_v10_clust.genes_vs_motifs.rankings': 5876 motifs × 27090 genes
Loaded 2 databases
Reading annotation file: flashscenic_data/motifs-v10nr_clust-nr.hgnc-m0.001-o0.0.tbl
Column indices: motif_id=0, gene_name=5, similarity_qvalue=6, ortho_identity=9, description=12
Read 253096 rows, 253096 passed filters
Loaded 177084 motif annotations (27072 unique motifs, 1605 unique TFs)
Loaded motif annotations (filter_for_annotation=True)

Pruning with database 1/2: hg38_500bp_up_100bp_down_full_tx_v10_clust.genes_vs_motifs.rankings

Pruning with database 2/2: hg38_10kbp_up_10kbp_down_full_tx_v10_clust.genes_vs_motifs.rankings

Total regulons before merging: 820
Total regulons after merging: 566
Total regulons after TF merging: 101
Loaded database 'hg38_500bp_up_100bp_down_full_tx_v10_clust.genes_vs_motifs.rankings': 5876 motifs × 27015 genes
Loaded database 'hg38_10kbp_up_10kbp_down_full_tx_v10_clust.genes_vs_motifs.rankings': 5876 motifs × 27090 genes
Loaded 2 databases
Reading annotation file: flashscenic_data/motifs-v10nr_clust-nr.hgnc-m0.001-o0.0.tbl
Column indices: motif_id=0, gene_name=5, similarity_qvalue=6, ortho_identity=9, description=12
Read 253096 rows, 253096 passed filters
Loaded 177084 motif annotations (27072 unique motifs, 1605 unique TFs)
Loaded motif annotations (filter_for_annotation=True)

Pruning with database 1/2: hg38_500bp_up_100bp_down_full_tx_v10_clust.genes_vs_motifs.rankings

Pruning with database 2/2: hg38_10kbp_up_10kbp_down_full_tx_v10_clust.genes_vs_motifs.rankings

Total regulons before merging: 820
Total regulons after merging: 566
Total regulons after TF merging: 101
Loaded database 'hg38_500bp_up_100bp_down_full_tx_v10_clust.genes_vs_motifs.rankings': 5876 motifs × 27015 genes
Loaded database 'hg38_10kbp_up_10kbp_down_full_tx_v10_clust.genes_vs_motifs.rankings': 5876 motifs × 27090 genes
Loaded 2 databases
Reading annotation file: flashscenic_data/motifs-v10nr_clust-nr.hgnc-m0.001-o0.0.tbl
Column indices: motif_id=0, gene_name=5, similarity_qvalue=6, ortho_identity=9, description=12
Read 253096 rows, 253096 passed filters
Loaded 177084 motif annotations (27072 unique motifs, 1605 unique TFs)
Loaded motif annotations (filter_for_annotation=True)

Pruning with database 1/2: hg38_500bp_up_100bp_down_full_tx_v10_clust.genes_vs_motifs.rankings

Pruning with database 2/2: hg38_10kbp_up_10kbp_down_full_tx_v10_clust.genes_vs_motifs.rankings

Total regulons before merging: 820
Total regulons after merging: 566
Total regulons after TF merging: 101
  k=15...
Loaded database 'hg38_500bp_up_100bp_down_full_tx_v10_clust.genes_vs_motifs.rankings': 5876 motifs × 27015 genes
Loaded database 'hg38_10kbp_up_10kbp_down_full_tx_v10_clust.genes_vs_motifs.rankings': 5876 motifs × 27090 genes
Loaded 2 databases
Reading annotation file: flashscenic_data/motifs-v10nr_clust-nr.hgnc-m0.001-o0.0.tbl
Column indices: motif_id=0, gene_name=5, similarity_qvalue=6, ortho_identity=9, description=12
Read 253096 rows, 253096 passed filters
Loaded 177084 motif annotations (27072 unique motifs, 1605 unique TFs)
Loaded motif annotations (filter_for_annotation=True)

Pruning with database 1/2: hg38_500bp_up_100bp_down_full_tx_v10_clust.genes_vs_motifs.rankings

Pruning with database 2/2: hg38_10kbp_up_10kbp_down_full_tx_v10_clust.genes_vs_motifs.rankings

Total regulons before merging: 843
Total regulons after merging: 585
Total regulons after TF merging: 105
Loaded database 'hg38_500bp_up_100bp_down_full_tx_v10_clust.genes_vs_motifs.rankings': 5876 motifs × 27015 genes
Loaded database 'hg38_10kbp_up_10kbp_down_full_tx_v10_clust.genes_vs_motifs.rankings': 5876 motifs × 27090 genes
Loaded 2 databases
Reading annotation file: flashscenic_data/motifs-v10nr_clust-nr.hgnc-m0.001-o0.0.tbl
Column indices: motif_id=0, gene_name=5, similarity_qvalue=6, ortho_identity=9, description=12
Read 253096 rows, 253096 passed filters
Loaded 177084 motif annotations (27072 unique motifs, 1605 unique TFs)
Loaded motif annotations (filter_for_annotation=True)

Pruning with database 1/2: hg38_500bp_up_100bp_down_full_tx_v10_clust.genes_vs_motifs.rankings

Pruning with database 2/2: hg38_10kbp_up_10kbp_down_full_tx_v10_clust.genes_vs_motifs.rankings

Total regulons before merging: 843
Total regulons after merging: 585
Total regulons after TF merging: 105
Loaded database 'hg38_500bp_up_100bp_down_full_tx_v10_clust.genes_vs_motifs.rankings': 5876 motifs × 27015 genes
Loaded database 'hg38_10kbp_up_10kbp_down_full_tx_v10_clust.genes_vs_motifs.rankings': 5876 motifs × 27090 genes
Loaded 2 databases
Reading annotation file: flashscenic_data/motifs-v10nr_clust-nr.hgnc-m0.001-o0.0.tbl
Column indices: motif_id=0, gene_name=5, similarity_qvalue=6, ortho_identity=9, description=12
Read 253096 rows, 253096 passed filters
Loaded 177084 motif annotations (27072 unique motifs, 1605 unique TFs)
Loaded motif annotations (filter_for_annotation=True)

Pruning with database 1/2: hg38_500bp_up_100bp_down_full_tx_v10_clust.genes_vs_motifs.rankings

Pruning with database 2/2: hg38_10kbp_up_10kbp_down_full_tx_v10_clust.genes_vs_motifs.rankings

Total regulons before merging: 843
Total regulons after merging: 585
Total regulons after TF merging: 105
  k=16...
Loaded database 'hg38_500bp_up_100bp_down_full_tx_v10_clust.genes_vs_motifs.rankings': 5876 motifs × 27015 genes
Loaded database 'hg38_10kbp_up_10kbp_down_full_tx_v10_clust.genes_vs_motifs.rankings': 5876 motifs × 27090 genes
Loaded 2 databases
Reading annotation file: flashscenic_data/motifs-v10nr_clust-nr.hgnc-m0.001-o0.0.tbl
Column indices: motif_id=0, gene_name=5, similarity_qvalue=6, ortho_identity=9, description=12
Read 253096 rows, 253096 passed filters
Loaded 177084 motif annotations (27072 unique motifs, 1605 unique TFs)
Loaded motif annotations (filter_for_annotation=True)

Pruning with database 1/2: hg38_500bp_up_100bp_down_full_tx_v10_clust.genes_vs_motifs.rankings

Pruning with database 2/2: hg38_10kbp_up_10kbp_down_full_tx_v10_clust.genes_vs_motifs.rankings

Total regulons before merging: 812
Total regulons after merging: 563
Total regulons after TF merging: 103
Loaded database 'hg38_500bp_up_100bp_down_full_tx_v10_clust.genes_vs_motifs.rankings': 5876 motifs × 27015 genes
Loaded database 'hg38_10kbp_up_10kbp_down_full_tx_v10_clust.genes_vs_motifs.rankings': 5876 motifs × 27090 genes
Loaded 2 databases
Reading annotation file: flashscenic_data/motifs-v10nr_clust-nr.hgnc-m0.001-o0.0.tbl
Column indices: motif_id=0, gene_name=5, similarity_qvalue=6, ortho_identity=9, description=12
Read 253096 rows, 253096 passed filters
Loaded 177084 motif annotations (27072 unique motifs, 1605 unique TFs)
Loaded motif annotations (filter_for_annotation=True)

Pruning with database 1/2: hg38_500bp_up_100bp_down_full_tx_v10_clust.genes_vs_motifs.rankings

Pruning with database 2/2: hg38_10kbp_up_10kbp_down_full_tx_v10_clust.genes_vs_motifs.rankings

Total regulons before merging: 812
Total regulons after merging: 563
Total regulons after TF merging: 103
Loaded database 'hg38_500bp_up_100bp_down_full_tx_v10_clust.genes_vs_motifs.rankings': 5876 motifs × 27015 genes
Loaded database 'hg38_10kbp_up_10kbp_down_full_tx_v10_clust.genes_vs_motifs.rankings': 5876 motifs × 27090 genes
Loaded 2 databases
Reading annotation file: flashscenic_data/motifs-v10nr_clust-nr.hgnc-m0.001-o0.0.tbl
Column indices: motif_id=0, gene_name=5, similarity_qvalue=6, ortho_identity=9, description=12
Read 253096 rows, 253096 passed filters
Loaded 177084 motif annotations (27072 unique motifs, 1605 unique TFs)
Loaded motif annotations (filter_for_annotation=True)

Pruning with database 1/2: hg38_500bp_up_100bp_down_full_tx_v10_clust.genes_vs_motifs.rankings

Pruning with database 2/2: hg38_10kbp_up_10kbp_down_full_tx_v10_clust.genes_vs_motifs.rankings

Total regulons before merging: 812
Total regulons after merging: 563
Total regulons after TF merging: 103
  k=17...
Loaded database 'hg38_500bp_up_100bp_down_full_tx_v10_clust.genes_vs_motifs.rankings': 5876 motifs × 27015 genes
Loaded database 'hg38_10kbp_up_10kbp_down_full_tx_v10_clust.genes_vs_motifs.rankings': 5876 motifs × 27090 genes
Loaded 2 databases
Reading annotation file: flashscenic_data/motifs-v10nr_clust-nr.hgnc-m0.001-o0.0.tbl
Column indices: motif_id=0, gene_name=5, similarity_qvalue=6, ortho_identity=9, description=12
Read 253096 rows, 253096 passed filters
Loaded 177084 motif annotations (27072 unique motifs, 1605 unique TFs)
Loaded motif annotations (filter_for_annotation=True)

Pruning with database 1/2: hg38_500bp_up_100bp_down_full_tx_v10_clust.genes_vs_motifs.rankings

Pruning with database 2/2: hg38_10kbp_up_10kbp_down_full_tx_v10_clust.genes_vs_motifs.rankings

Total regulons before merging: 814
Total regulons after merging: 571
Total regulons after TF merging: 101
Loaded database 'hg38_500bp_up_100bp_down_full_tx_v10_clust.genes_vs_motifs.rankings': 5876 motifs × 27015 genes
Loaded database 'hg38_10kbp_up_10kbp_down_full_tx_v10_clust.genes_vs_motifs.rankings': 5876 motifs × 27090 genes
Loaded 2 databases
Reading annotation file: flashscenic_data/motifs-v10nr_clust-nr.hgnc-m0.001-o0.0.tbl
Column indices: motif_id=0, gene_name=5, similarity_qvalue=6, ortho_identity=9, description=12
Read 253096 rows, 253096 passed filters
Loaded 177084 motif annotations (27072 unique motifs, 1605 unique TFs)
Loaded motif annotations (filter_for_annotation=True)

Pruning with database 1/2: hg38_500bp_up_100bp_down_full_tx_v10_clust.genes_vs_motifs.rankings

Pruning with database 2/2: hg38_10kbp_up_10kbp_down_full_tx_v10_clust.genes_vs_motifs.rankings

Total regulons before merging: 814
Total regulons after merging: 571
Total regulons after TF merging: 101
Loaded database 'hg38_500bp_up_100bp_down_full_tx_v10_clust.genes_vs_motifs.rankings': 5876 motifs × 27015 genes
Loaded database 'hg38_10kbp_up_10kbp_down_full_tx_v10_clust.genes_vs_motifs.rankings': 5876 motifs × 27090 genes
Loaded 2 databases
Reading annotation file: flashscenic_data/motifs-v10nr_clust-nr.hgnc-m0.001-o0.0.tbl
Column indices: motif_id=0, gene_name=5, similarity_qvalue=6, ortho_identity=9, description=12
Read 253096 rows, 253096 passed filters
Loaded 177084 motif annotations (27072 unique motifs, 1605 unique TFs)
Loaded motif annotations (filter_for_annotation=True)

Pruning with database 1/2: hg38_500bp_up_100bp_down_full_tx_v10_clust.genes_vs_motifs.rankings

Pruning with database 2/2: hg38_10kbp_up_10kbp_down_full_tx_v10_clust.genes_vs_motifs.rankings

Total regulons before merging: 814
Total regulons after merging: 571
Total regulons after TF merging: 101
  k=18...
Loaded database 'hg38_500bp_up_100bp_down_full_tx_v10_clust.genes_vs_motifs.rankings': 5876 motifs × 27015 genes
Loaded database 'hg38_10kbp_up_10kbp_down_full_tx_v10_clust.genes_vs_motifs.rankings': 5876 motifs × 27090 genes
Loaded 2 databases
Reading annotation file: flashscenic_data/motifs-v10nr_clust-nr.hgnc-m0.001-o0.0.tbl
Column indices: motif_id=0, gene_name=5, similarity_qvalue=6, ortho_identity=9, description=12
Read 253096 rows, 253096 passed filters
Loaded 177084 motif annotations (27072 unique motifs, 1605 unique TFs)
Loaded motif annotations (filter_for_annotation=True)

Pruning with database 1/2: hg38_500bp_up_100bp_down_full_tx_v10_clust.genes_vs_motifs.rankings

Pruning with database 2/2: hg38_10kbp_up_10kbp_down_full_tx_v10_clust.genes_vs_motifs.rankings

Total regulons before merging: 813
Total regulons after merging: 568
Total regulons after TF merging: 100
Loaded database 'hg38_500bp_up_100bp_down_full_tx_v10_clust.genes_vs_motifs.rankings': 5876 motifs × 27015 genes
Loaded database 'hg38_10kbp_up_10kbp_down_full_tx_v10_clust.genes_vs_motifs.rankings': 5876 motifs × 27090 genes
Loaded 2 databases
Reading annotation file: flashscenic_data/motifs-v10nr_clust-nr.hgnc-m0.001-o0.0.tbl
Column indices: motif_id=0, gene_name=5, similarity_qvalue=6, ortho_identity=9, description=12
Read 253096 rows, 253096 passed filters
Loaded 177084 motif annotations (27072 unique motifs, 1605 unique TFs)
Loaded motif annotations (filter_for_annotation=True)

Pruning with database 1/2: hg38_500bp_up_100bp_down_full_tx_v10_clust.genes_vs_motifs.rankings

Pruning with database 2/2: hg38_10kbp_up_10kbp_down_full_tx_v10_clust.genes_vs_motifs.rankings

Total regulons before merging: 813
Total regulons after merging: 568
Total regulons after TF merging: 100
Loaded database 'hg38_500bp_up_100bp_down_full_tx_v10_clust.genes_vs_motifs.rankings': 5876 motifs × 27015 genes
Loaded database 'hg38_10kbp_up_10kbp_down_full_tx_v10_clust.genes_vs_motifs.rankings': 5876 motifs × 27090 genes
Loaded 2 databases
Reading annotation file: flashscenic_data/motifs-v10nr_clust-nr.hgnc-m0.001-o0.0.tbl
Column indices: motif_id=0, gene_name=5, similarity_qvalue=6, ortho_identity=9, description=12
Read 253096 rows, 253096 passed filters
Loaded 177084 motif annotations (27072 unique motifs, 1605 unique TFs)
Loaded motif annotations (filter_for_annotation=True)

Pruning with database 1/2: hg38_500bp_up_100bp_down_full_tx_v10_clust.genes_vs_motifs.rankings

Pruning with database 2/2: hg38_10kbp_up_10kbp_down_full_tx_v10_clust.genes_vs_motifs.rankings

Total regulons before merging: 813
Total regulons after merging: 568
Total regulons after TF merging: 100
  k=19...
Loaded database 'hg38_500bp_up_100bp_down_full_tx_v10_clust.genes_vs_motifs.rankings': 5876 motifs × 27015 genes
Loaded database 'hg38_10kbp_up_10kbp_down_full_tx_v10_clust.genes_vs_motifs.rankings': 5876 motifs × 27090 genes
Loaded 2 databases
Reading annotation file: flashscenic_data/motifs-v10nr_clust-nr.hgnc-m0.001-o0.0.tbl
Column indices: motif_id=0, gene_name=5, similarity_qvalue=6, ortho_identity=9, description=12
Read 253096 rows, 253096 passed filters
Loaded 177084 motif annotations (27072 unique motifs, 1605 unique TFs)
Loaded motif annotations (filter_for_annotation=True)

Pruning with database 1/2: hg38_500bp_up_100bp_down_full_tx_v10_clust.genes_vs_motifs.rankings

Pruning with database 2/2: hg38_10kbp_up_10kbp_down_full_tx_v10_clust.genes_vs_motifs.rankings

Total regulons before merging: 815
Total regulons after merging: 558
Total regulons after TF merging: 101
Loaded database 'hg38_500bp_up_100bp_down_full_tx_v10_clust.genes_vs_motifs.rankings': 5876 motifs × 27015 genes
Loaded database 'hg38_10kbp_up_10kbp_down_full_tx_v10_clust.genes_vs_motifs.rankings': 5876 motifs × 27090 genes
Loaded 2 databases
Reading annotation file: flashscenic_data/motifs-v10nr_clust-nr.hgnc-m0.001-o0.0.tbl
Column indices: motif_id=0, gene_name=5, similarity_qvalue=6, ortho_identity=9, description=12
Read 253096 rows, 253096 passed filters
Loaded 177084 motif annotations (27072 unique motifs, 1605 unique TFs)
Loaded motif annotations (filter_for_annotation=True)

Pruning with database 1/2: hg38_500bp_up_100bp_down_full_tx_v10_clust.genes_vs_motifs.rankings

Pruning with database 2/2: hg38_10kbp_up_10kbp_down_full_tx_v10_clust.genes_vs_motifs.rankings

Total regulons before merging: 815
Total regulons after merging: 558
Total regulons after TF merging: 101
Loaded database 'hg38_500bp_up_100bp_down_full_tx_v10_clust.genes_vs_motifs.rankings': 5876 motifs × 27015 genes
Loaded database 'hg38_10kbp_up_10kbp_down_full_tx_v10_clust.genes_vs_motifs.rankings': 5876 motifs × 27090 genes
Loaded 2 databases
Reading annotation file: flashscenic_data/motifs-v10nr_clust-nr.hgnc-m0.001-o0.0.tbl
Column indices: motif_id=0, gene_name=5, similarity_qvalue=6, ortho_identity=9, description=12
Read 253096 rows, 253096 passed filters
Loaded 177084 motif annotations (27072 unique motifs, 1605 unique TFs)
Loaded motif annotations (filter_for_annotation=True)

Pruning with database 1/2: hg38_500bp_up_100bp_down_full_tx_v10_clust.genes_vs_motifs.rankings

Pruning with database 2/2: hg38_10kbp_up_10kbp_down_full_tx_v10_clust.genes_vs_motifs.rankings

Total regulons before merging: 815
Total regulons after merging: 558
Total regulons after TF merging: 101
  k=20...
Loaded database 'hg38_500bp_up_100bp_down_full_tx_v10_clust.genes_vs_motifs.rankings': 5876 motifs × 27015 genes
Loaded database 'hg38_10kbp_up_10kbp_down_full_tx_v10_clust.genes_vs_motifs.rankings': 5876 motifs × 27090 genes
Loaded 2 databases
Reading annotation file: flashscenic_data/motifs-v10nr_clust-nr.hgnc-m0.001-o0.0.tbl
Column indices: motif_id=0, gene_name=5, similarity_qvalue=6, ortho_identity=9, description=12
Read 253096 rows, 253096 passed filters
Loaded 177084 motif annotations (27072 unique motifs, 1605 unique TFs)
Loaded motif annotations (filter_for_annotation=True)

Pruning with database 1/2: hg38_500bp_up_100bp_down_full_tx_v10_clust.genes_vs_motifs.rankings

Pruning with database 2/2: hg38_10kbp_up_10kbp_down_full_tx_v10_clust.genes_vs_motifs.rankings

Total regulons before merging: 815
Total regulons after merging: 562
Total regulons after TF merging: 102
Loaded database 'hg38_500bp_up_100bp_down_full_tx_v10_clust.genes_vs_motifs.rankings': 5876 motifs × 27015 genes
Loaded database 'hg38_10kbp_up_10kbp_down_full_tx_v10_clust.genes_vs_motifs.rankings': 5876 motifs × 27090 genes
Loaded 2 databases
Reading annotation file: flashscenic_data/motifs-v10nr_clust-nr.hgnc-m0.001-o0.0.tbl
Column indices: motif_id=0, gene_name=5, similarity_qvalue=6, ortho_identity=9, description=12
Read 253096 rows, 253096 passed filters
Loaded 177084 motif annotations (27072 unique motifs, 1605 unique TFs)
Loaded motif annotations (filter_for_annotation=True)

Pruning with database 1/2: hg38_500bp_up_100bp_down_full_tx_v10_clust.genes_vs_motifs.rankings

Pruning with database 2/2: hg38_10kbp_up_10kbp_down_full_tx_v10_clust.genes_vs_motifs.rankings

Total regulons before merging: 815
Total regulons after merging: 562
Total regulons after TF merging: 102
Loaded database 'hg38_500bp_up_100bp_down_full_tx_v10_clust.genes_vs_motifs.rankings': 5876 motifs × 27015 genes
Loaded database 'hg38_10kbp_up_10kbp_down_full_tx_v10_clust.genes_vs_motifs.rankings': 5876 motifs × 27090 genes
Loaded 2 databases
Reading annotation file: flashscenic_data/motifs-v10nr_clust-nr.hgnc-m0.001-o0.0.tbl
Column indices: motif_id=0, gene_name=5, similarity_qvalue=6, ortho_identity=9, description=12
Read 253096 rows, 253096 passed filters
Loaded 177084 motif annotations (27072 unique motifs, 1605 unique TFs)
Loaded motif annotations (filter_for_annotation=True)

Pruning with database 1/2: hg38_500bp_up_100bp_down_full_tx_v10_clust.genes_vs_motifs.rankings

Pruning with database 2/2: hg38_10kbp_up_10kbp_down_full_tx_v10_clust.genes_vs_motifs.rankings

Total regulons before merging: 815
Total regulons after merging: 562
Total regulons after TF merging: 102
  k=21...
Loaded database 'hg38_500bp_up_100bp_down_full_tx_v10_clust.genes_vs_motifs.rankings': 5876 motifs × 27015 genes
Loaded database 'hg38_10kbp_up_10kbp_down_full_tx_v10_clust.genes_vs_motifs.rankings': 5876 motifs × 27090 genes
Loaded 2 databases
Reading annotation file: flashscenic_data/motifs-v10nr_clust-nr.hgnc-m0.001-o0.0.tbl
Column indices: motif_id=0, gene_name=5, similarity_qvalue=6, ortho_identity=9, description=12
Read 253096 rows, 253096 passed filters
Loaded 177084 motif annotations (27072 unique motifs, 1605 unique TFs)
Loaded motif annotations (filter_for_annotation=True)

Pruning with database 1/2: hg38_500bp_up_100bp_down_full_tx_v10_clust.genes_vs_motifs.rankings

Pruning with database 2/2: hg38_10kbp_up_10kbp_down_full_tx_v10_clust.genes_vs_motifs.rankings

Total regulons before merging: 806
Total regulons after merging: 555
Total regulons after TF merging: 98
Loaded database 'hg38_500bp_up_100bp_down_full_tx_v10_clust.genes_vs_motifs.rankings': 5876 motifs × 27015 genes
Loaded database 'hg38_10kbp_up_10kbp_down_full_tx_v10_clust.genes_vs_motifs.rankings': 5876 motifs × 27090 genes
Loaded 2 databases
Reading annotation file: flashscenic_data/motifs-v10nr_clust-nr.hgnc-m0.001-o0.0.tbl
Column indices: motif_id=0, gene_name=5, similarity_qvalue=6, ortho_identity=9, description=12
Read 253096 rows, 253096 passed filters
Loaded 177084 motif annotations (27072 unique motifs, 1605 unique TFs)
Loaded motif annotations (filter_for_annotation=True)

Pruning with database 1/2: hg38_500bp_up_100bp_down_full_tx_v10_clust.genes_vs_motifs.rankings

Pruning with database 2/2: hg38_10kbp_up_10kbp_down_full_tx_v10_clust.genes_vs_motifs.rankings

Total regulons before merging: 806
Total regulons after merging: 555
Total regulons after TF merging: 98
Loaded database 'hg38_500bp_up_100bp_down_full_tx_v10_clust.genes_vs_motifs.rankings': 5876 motifs × 27015 genes
Loaded database 'hg38_10kbp_up_10kbp_down_full_tx_v10_clust.genes_vs_motifs.rankings': 5876 motifs × 27090 genes
Loaded 2 databases
Reading annotation file: flashscenic_data/motifs-v10nr_clust-nr.hgnc-m0.001-o0.0.tbl
Column indices: motif_id=0, gene_name=5, similarity_qvalue=6, ortho_identity=9, description=12
Read 253096 rows, 253096 passed filters
Loaded 177084 motif annotations (27072 unique motifs, 1605 unique TFs)
Loaded motif annotations (filter_for_annotation=True)

Pruning with database 1/2: hg38_500bp_up_100bp_down_full_tx_v10_clust.genes_vs_motifs.rankings

Pruning with database 2/2: hg38_10kbp_up_10kbp_down_full_tx_v10_clust.genes_vs_motifs.rankings

Total regulons before merging: 806
Total regulons after merging: 555
Total regulons after TF merging: 98
  k=22...
Loaded database 'hg38_500bp_up_100bp_down_full_tx_v10_clust.genes_vs_motifs.rankings': 5876 motifs × 27015 genes
Loaded database 'hg38_10kbp_up_10kbp_down_full_tx_v10_clust.genes_vs_motifs.rankings': 5876 motifs × 27090 genes
Loaded 2 databases
Reading annotation file: flashscenic_data/motifs-v10nr_clust-nr.hgnc-m0.001-o0.0.tbl
Column indices: motif_id=0, gene_name=5, similarity_qvalue=6, ortho_identity=9, description=12
Read 253096 rows, 253096 passed filters
Loaded 177084 motif annotations (27072 unique motifs, 1605 unique TFs)
Loaded motif annotations (filter_for_annotation=True)

Pruning with database 1/2: hg38_500bp_up_100bp_down_full_tx_v10_clust.genes_vs_motifs.rankings

Pruning with database 2/2: hg38_10kbp_up_10kbp_down_full_tx_v10_clust.genes_vs_motifs.rankings

Total regulons before merging: 805
Total regulons after merging: 548
Total regulons after TF merging: 96
Loaded database 'hg38_500bp_up_100bp_down_full_tx_v10_clust.genes_vs_motifs.rankings': 5876 motifs × 27015 genes
Loaded database 'hg38_10kbp_up_10kbp_down_full_tx_v10_clust.genes_vs_motifs.rankings': 5876 motifs × 27090 genes
Loaded 2 databases
Reading annotation file: flashscenic_data/motifs-v10nr_clust-nr.hgnc-m0.001-o0.0.tbl
Column indices: motif_id=0, gene_name=5, similarity_qvalue=6, ortho_identity=9, description=12
Read 253096 rows, 253096 passed filters
Loaded 177084 motif annotations (27072 unique motifs, 1605 unique TFs)
Loaded motif annotations (filter_for_annotation=True)

Pruning with database 1/2: hg38_500bp_up_100bp_down_full_tx_v10_clust.genes_vs_motifs.rankings

Pruning with database 2/2: hg38_10kbp_up_10kbp_down_full_tx_v10_clust.genes_vs_motifs.rankings

Total regulons before merging: 805
Total regulons after merging: 548
Total regulons after TF merging: 96
Loaded database 'hg38_500bp_up_100bp_down_full_tx_v10_clust.genes_vs_motifs.rankings': 5876 motifs × 27015 genes
Loaded database 'hg38_10kbp_up_10kbp_down_full_tx_v10_clust.genes_vs_motifs.rankings': 5876 motifs × 27090 genes
Loaded 2 databases
Reading annotation file: flashscenic_data/motifs-v10nr_clust-nr.hgnc-m0.001-o0.0.tbl
Column indices: motif_id=0, gene_name=5, similarity_qvalue=6, ortho_identity=9, description=12
Read 253096 rows, 253096 passed filters
Loaded 177084 motif annotations (27072 unique motifs, 1605 unique TFs)
Loaded motif annotations (filter_for_annotation=True)

Pruning with database 1/2: hg38_500bp_up_100bp_down_full_tx_v10_clust.genes_vs_motifs.rankings

Pruning with database 2/2: hg38_10kbp_up_10kbp_down_full_tx_v10_clust.genes_vs_motifs.rankings

Total regulons before merging: 805
Total regulons after merging: 548
Total regulons after TF merging: 96
  k=23...
Loaded database 'hg38_500bp_up_100bp_down_full_tx_v10_clust.genes_vs_motifs.rankings': 5876 motifs × 27015 genes
Loaded database 'hg38_10kbp_up_10kbp_down_full_tx_v10_clust.genes_vs_motifs.rankings': 5876 motifs × 27090 genes
Loaded 2 databases
Reading annotation file: flashscenic_data/motifs-v10nr_clust-nr.hgnc-m0.001-o0.0.tbl
Column indices: motif_id=0, gene_name=5, similarity_qvalue=6, ortho_identity=9, description=12
Read 253096 rows, 253096 passed filters
Loaded 177084 motif annotations (27072 unique motifs, 1605 unique TFs)
Loaded motif annotations (filter_for_annotation=True)

Pruning with database 1/2: hg38_500bp_up_100bp_down_full_tx_v10_clust.genes_vs_motifs.rankings

Pruning with database 2/2: hg38_10kbp_up_10kbp_down_full_tx_v10_clust.genes_vs_motifs.rankings

Total regulons before merging: 818
Total regulons after merging: 557
Total regulons after TF merging: 99
Loaded database 'hg38_500bp_up_100bp_down_full_tx_v10_clust.genes_vs_motifs.rankings': 5876 motifs × 27015 genes
Loaded database 'hg38_10kbp_up_10kbp_down_full_tx_v10_clust.genes_vs_motifs.rankings': 5876 motifs × 27090 genes
Loaded 2 databases
Reading annotation file: flashscenic_data/motifs-v10nr_clust-nr.hgnc-m0.001-o0.0.tbl
Column indices: motif_id=0, gene_name=5, similarity_qvalue=6, ortho_identity=9, description=12
Read 253096 rows, 253096 passed filters
Loaded 177084 motif annotations (27072 unique motifs, 1605 unique TFs)
Loaded motif annotations (filter_for_annotation=True)

Pruning with database 1/2: hg38_500bp_up_100bp_down_full_tx_v10_clust.genes_vs_motifs.rankings

Pruning with database 2/2: hg38_10kbp_up_10kbp_down_full_tx_v10_clust.genes_vs_motifs.rankings

Total regulons before merging: 818
Total regulons after merging: 557
Total regulons after TF merging: 99
Loaded database 'hg38_500bp_up_100bp_down_full_tx_v10_clust.genes_vs_motifs.rankings': 5876 motifs × 27015 genes
Loaded database 'hg38_10kbp_up_10kbp_down_full_tx_v10_clust.genes_vs_motifs.rankings': 5876 motifs × 27090 genes
Loaded 2 databases
Reading annotation file: flashscenic_data/motifs-v10nr_clust-nr.hgnc-m0.001-o0.0.tbl
Column indices: motif_id=0, gene_name=5, similarity_qvalue=6, ortho_identity=9, description=12
Read 253096 rows, 253096 passed filters
Loaded 177084 motif annotations (27072 unique motifs, 1605 unique TFs)
Loaded motif annotations (filter_for_annotation=True)

Pruning with database 1/2: hg38_500bp_up_100bp_down_full_tx_v10_clust.genes_vs_motifs.rankings

Pruning with database 2/2: hg38_10kbp_up_10kbp_down_full_tx_v10_clust.genes_vs_motifs.rankings

Total regulons before merging: 818
Total regulons after merging: 557
Total regulons after TF merging: 99
  k=24...
Loaded database 'hg38_500bp_up_100bp_down_full_tx_v10_clust.genes_vs_motifs.rankings': 5876 motifs × 27015 genes
Loaded database 'hg38_10kbp_up_10kbp_down_full_tx_v10_clust.genes_vs_motifs.rankings': 5876 motifs × 27090 genes
Loaded 2 databases
Reading annotation file: flashscenic_data/motifs-v10nr_clust-nr.hgnc-m0.001-o0.0.tbl
Column indices: motif_id=0, gene_name=5, similarity_qvalue=6, ortho_identity=9, description=12
Read 253096 rows, 253096 passed filters
Loaded 177084 motif annotations (27072 unique motifs, 1605 unique TFs)
Loaded motif annotations (filter_for_annotation=True)

Pruning with database 1/2: hg38_500bp_up_100bp_down_full_tx_v10_clust.genes_vs_motifs.rankings

Pruning with database 2/2: hg38_10kbp_up_10kbp_down_full_tx_v10_clust.genes_vs_motifs.rankings

Total regulons before merging: 823
Total regulons after merging: 567
Total regulons after TF merging: 98
Loaded database 'hg38_500bp_up_100bp_down_full_tx_v10_clust.genes_vs_motifs.rankings': 5876 motifs × 27015 genes
Loaded database 'hg38_10kbp_up_10kbp_down_full_tx_v10_clust.genes_vs_motifs.rankings': 5876 motifs × 27090 genes
Loaded 2 databases
Reading annotation file: flashscenic_data/motifs-v10nr_clust-nr.hgnc-m0.001-o0.0.tbl
Column indices: motif_id=0, gene_name=5, similarity_qvalue=6, ortho_identity=9, description=12
Read 253096 rows, 253096 passed filters
Loaded 177084 motif annotations (27072 unique motifs, 1605 unique TFs)
Loaded motif annotations (filter_for_annotation=True)

Pruning with database 1/2: hg38_500bp_up_100bp_down_full_tx_v10_clust.genes_vs_motifs.rankings

Pruning with database 2/2: hg38_10kbp_up_10kbp_down_full_tx_v10_clust.genes_vs_motifs.rankings

Total regulons before merging: 823
Total regulons after merging: 567
Total regulons after TF merging: 98
Loaded database 'hg38_500bp_up_100bp_down_full_tx_v10_clust.genes_vs_motifs.rankings': 5876 motifs × 27015 genes
Loaded database 'hg38_10kbp_up_10kbp_down_full_tx_v10_clust.genes_vs_motifs.rankings': 5876 motifs × 27090 genes
Loaded 2 databases
Reading annotation file: flashscenic_data/motifs-v10nr_clust-nr.hgnc-m0.001-o0.0.tbl
Column indices: motif_id=0, gene_name=5, similarity_qvalue=6, ortho_identity=9, description=12
Read 253096 rows, 253096 passed filters
Loaded 177084 motif annotations (27072 unique motifs, 1605 unique TFs)
Loaded motif annotations (filter_for_annotation=True)

Pruning with database 1/2: hg38_500bp_up_100bp_down_full_tx_v10_clust.genes_vs_motifs.rankings

Pruning with database 2/2: hg38_10kbp_up_10kbp_down_full_tx_v10_clust.genes_vs_motifs.rankings

Total regulons before merging: 823
Total regulons after merging: 567
Total regulons after TF merging: 98
  k=25...
Loaded database 'hg38_500bp_up_100bp_down_full_tx_v10_clust.genes_vs_motifs.rankings': 5876 motifs × 27015 genes
Loaded database 'hg38_10kbp_up_10kbp_down_full_tx_v10_clust.genes_vs_motifs.rankings': 5876 motifs × 27090 genes
Loaded 2 databases
Reading annotation file: flashscenic_data/motifs-v10nr_clust-nr.hgnc-m0.001-o0.0.tbl
Column indices: motif_id=0, gene_name=5, similarity_qvalue=6, ortho_identity=9, description=12
Read 253096 rows, 253096 passed filters
Loaded 177084 motif annotations (27072 unique motifs, 1605 unique TFs)
Loaded motif annotations (filter_for_annotation=True)

Pruning with database 1/2: hg38_500bp_up_100bp_down_full_tx_v10_clust.genes_vs_motifs.rankings

Pruning with database 2/2: hg38_10kbp_up_10kbp_down_full_tx_v10_clust.genes_vs_motifs.rankings

Total regulons before merging: 817
Total regulons after merging: 565
Total regulons after TF merging: 97
Loaded database 'hg38_500bp_up_100bp_down_full_tx_v10_clust.genes_vs_motifs.rankings': 5876 motifs × 27015 genes
Loaded database 'hg38_10kbp_up_10kbp_down_full_tx_v10_clust.genes_vs_motifs.rankings': 5876 motifs × 27090 genes
Loaded 2 databases
Reading annotation file: flashscenic_data/motifs-v10nr_clust-nr.hgnc-m0.001-o0.0.tbl
Column indices: motif_id=0, gene_name=5, similarity_qvalue=6, ortho_identity=9, description=12
Read 253096 rows, 253096 passed filters
Loaded 177084 motif annotations (27072 unique motifs, 1605 unique TFs)
Loaded motif annotations (filter_for_annotation=True)

Pruning with database 1/2: hg38_500bp_up_100bp_down_full_tx_v10_clust.genes_vs_motifs.rankings

Pruning with database 2/2: hg38_10kbp_up_10kbp_down_full_tx_v10_clust.genes_vs_motifs.rankings

Total regulons before merging: 817
Total regulons after merging: 565
Total regulons after TF merging: 97
Loaded database 'hg38_500bp_up_100bp_down_full_tx_v10_clust.genes_vs_motifs.rankings': 5876 motifs × 27015 genes
Loaded database 'hg38_10kbp_up_10kbp_down_full_tx_v10_clust.genes_vs_motifs.rankings': 5876 motifs × 27090 genes
Loaded 2 databases
Reading annotation file: flashscenic_data/motifs-v10nr_clust-nr.hgnc-m0.001-o0.0.tbl
Column indices: motif_id=0, gene_name=5, similarity_qvalue=6, ortho_identity=9, description=12
Read 253096 rows, 253096 passed filters
Loaded 177084 motif annotations (27072 unique motifs, 1605 unique TFs)
Loaded motif annotations (filter_for_annotation=True)

Pruning with database 1/2: hg38_500bp_up_100bp_down_full_tx_v10_clust.genes_vs_motifs.rankings

Pruning with database 2/2: hg38_10kbp_up_10kbp_down_full_tx_v10_clust.genes_vs_motifs.rankings

Total regulons before merging: 817
Total regulons after merging: 565
Total regulons after TF merging: 97
  k=26...
Loaded database 'hg38_500bp_up_100bp_down_full_tx_v10_clust.genes_vs_motifs.rankings': 5876 motifs × 27015 genes
Loaded database 'hg38_10kbp_up_10kbp_down_full_tx_v10_clust.genes_vs_motifs.rankings': 5876 motifs × 27090 genes
Loaded 2 databases
Reading annotation file: flashscenic_data/motifs-v10nr_clust-nr.hgnc-m0.001-o0.0.tbl
Column indices: motif_id=0, gene_name=5, similarity_qvalue=6, ortho_identity=9, description=12
Read 253096 rows, 253096 passed filters
Loaded 177084 motif annotations (27072 unique motifs, 1605 unique TFs)
Loaded motif annotations (filter_for_annotation=True)

Pruning with database 1/2: hg38_500bp_up_100bp_down_full_tx_v10_clust.genes_vs_motifs.rankings

Pruning with database 2/2: hg38_10kbp_up_10kbp_down_full_tx_v10_clust.genes_vs_motifs.rankings

Total regulons before merging: 823
Total regulons after merging: 574
Total regulons after TF merging: 98
Loaded database 'hg38_500bp_up_100bp_down_full_tx_v10_clust.genes_vs_motifs.rankings': 5876 motifs × 27015 genes
Loaded database 'hg38_10kbp_up_10kbp_down_full_tx_v10_clust.genes_vs_motifs.rankings': 5876 motifs × 27090 genes
Loaded 2 databases
Reading annotation file: flashscenic_data/motifs-v10nr_clust-nr.hgnc-m0.001-o0.0.tbl
Column indices: motif_id=0, gene_name=5, similarity_qvalue=6, ortho_identity=9, description=12
Read 253096 rows, 253096 passed filters
Loaded 177084 motif annotations (27072 unique motifs, 1605 unique TFs)
Loaded motif annotations (filter_for_annotation=True)

Pruning with database 1/2: hg38_500bp_up_100bp_down_full_tx_v10_clust.genes_vs_motifs.rankings

Pruning with database 2/2: hg38_10kbp_up_10kbp_down_full_tx_v10_clust.genes_vs_motifs.rankings

Total regulons before merging: 823
Total regulons after merging: 574
Total regulons after TF merging: 98
Loaded database 'hg38_500bp_up_100bp_down_full_tx_v10_clust.genes_vs_motifs.rankings': 5876 motifs × 27015 genes
Loaded database 'hg38_10kbp_up_10kbp_down_full_tx_v10_clust.genes_vs_motifs.rankings': 5876 motifs × 27090 genes
Loaded 2 databases
Reading annotation file: flashscenic_data/motifs-v10nr_clust-nr.hgnc-m0.001-o0.0.tbl
Column indices: motif_id=0, gene_name=5, similarity_qvalue=6, ortho_identity=9, description=12
Read 253096 rows, 253096 passed filters
Loaded 177084 motif annotations (27072 unique motifs, 1605 unique TFs)
Loaded motif annotations (filter_for_annotation=True)

Pruning with database 1/2: hg38_500bp_up_100bp_down_full_tx_v10_clust.genes_vs_motifs.rankings

Pruning with database 2/2: hg38_10kbp_up_10kbp_down_full_tx_v10_clust.genes_vs_motifs.rankings

Total regulons before merging: 823
Total regulons after merging: 574
Total regulons after TF merging: 98
  k=27...
Loaded database 'hg38_500bp_up_100bp_down_full_tx_v10_clust.genes_vs_motifs.rankings': 5876 motifs × 27015 genes
Loaded database 'hg38_10kbp_up_10kbp_down_full_tx_v10_clust.genes_vs_motifs.rankings': 5876 motifs × 27090 genes
Loaded 2 databases
Reading annotation file: flashscenic_data/motifs-v10nr_clust-nr.hgnc-m0.001-o0.0.tbl
Column indices: motif_id=0, gene_name=5, similarity_qvalue=6, ortho_identity=9, description=12
Read 253096 rows, 253096 passed filters
Loaded 177084 motif annotations (27072 unique motifs, 1605 unique TFs)
Loaded motif annotations (filter_for_annotation=True)

Pruning with database 1/2: hg38_500bp_up_100bp_down_full_tx_v10_clust.genes_vs_motifs.rankings

Pruning with database 2/2: hg38_10kbp_up_10kbp_down_full_tx_v10_clust.genes_vs_motifs.rankings

Total regulons before merging: 821
Total regulons after merging: 571
Total regulons after TF merging: 99
Loaded database 'hg38_500bp_up_100bp_down_full_tx_v10_clust.genes_vs_motifs.rankings': 5876 motifs × 27015 genes
Loaded database 'hg38_10kbp_up_10kbp_down_full_tx_v10_clust.genes_vs_motifs.rankings': 5876 motifs × 27090 genes
Loaded 2 databases
Reading annotation file: flashscenic_data/motifs-v10nr_clust-nr.hgnc-m0.001-o0.0.tbl
Column indices: motif_id=0, gene_name=5, similarity_qvalue=6, ortho_identity=9, description=12
Read 253096 rows, 253096 passed filters
Loaded 177084 motif annotations (27072 unique motifs, 1605 unique TFs)
Loaded motif annotations (filter_for_annotation=True)

Pruning with database 1/2: hg38_500bp_up_100bp_down_full_tx_v10_clust.genes_vs_motifs.rankings

Pruning with database 2/2: hg38_10kbp_up_10kbp_down_full_tx_v10_clust.genes_vs_motifs.rankings

Total regulons before merging: 821
Total regulons after merging: 571
Total regulons after TF merging: 99
Loaded database 'hg38_500bp_up_100bp_down_full_tx_v10_clust.genes_vs_motifs.rankings': 5876 motifs × 27015 genes
Loaded database 'hg38_10kbp_up_10kbp_down_full_tx_v10_clust.genes_vs_motifs.rankings': 5876 motifs × 27090 genes
Loaded 2 databases
Reading annotation file: flashscenic_data/motifs-v10nr_clust-nr.hgnc-m0.001-o0.0.tbl
Column indices: motif_id=0, gene_name=5, similarity_qvalue=6, ortho_identity=9, description=12
Read 253096 rows, 253096 passed filters
Loaded 177084 motif annotations (27072 unique motifs, 1605 unique TFs)
Loaded motif annotations (filter_for_annotation=True)

Pruning with database 1/2: hg38_500bp_up_100bp_down_full_tx_v10_clust.genes_vs_motifs.rankings

Pruning with database 2/2: hg38_10kbp_up_10kbp_down_full_tx_v10_clust.genes_vs_motifs.rankings

Total regulons before merging: 821
Total regulons after merging: 571
Total regulons after TF merging: 99
  k=28...
Loaded database 'hg38_500bp_up_100bp_down_full_tx_v10_clust.genes_vs_motifs.rankings': 5876 motifs × 27015 genes
Loaded database 'hg38_10kbp_up_10kbp_down_full_tx_v10_clust.genes_vs_motifs.rankings': 5876 motifs × 27090 genes
Loaded 2 databases
Reading annotation file: flashscenic_data/motifs-v10nr_clust-nr.hgnc-m0.001-o0.0.tbl
Column indices: motif_id=0, gene_name=5, similarity_qvalue=6, ortho_identity=9, description=12
Read 253096 rows, 253096 passed filters
Loaded 177084 motif annotations (27072 unique motifs, 1605 unique TFs)
Loaded motif annotations (filter_for_annotation=True)

Pruning with database 1/2: hg38_500bp_up_100bp_down_full_tx_v10_clust.genes_vs_motifs.rankings

Pruning with database 2/2: hg38_10kbp_up_10kbp_down_full_tx_v10_clust.genes_vs_motifs.rankings

Total regulons before merging: 842
Total regulons after merging: 589
Total regulons after TF merging: 99
Loaded database 'hg38_500bp_up_100bp_down_full_tx_v10_clust.genes_vs_motifs.rankings': 5876 motifs × 27015 genes
Loaded database 'hg38_10kbp_up_10kbp_down_full_tx_v10_clust.genes_vs_motifs.rankings': 5876 motifs × 27090 genes
Loaded 2 databases
Reading annotation file: flashscenic_data/motifs-v10nr_clust-nr.hgnc-m0.001-o0.0.tbl
Column indices: motif_id=0, gene_name=5, similarity_qvalue=6, ortho_identity=9, description=12
Read 253096 rows, 253096 passed filters
Loaded 177084 motif annotations (27072 unique motifs, 1605 unique TFs)
Loaded motif annotations (filter_for_annotation=True)

Pruning with database 1/2: hg38_500bp_up_100bp_down_full_tx_v10_clust.genes_vs_motifs.rankings

Pruning with database 2/2: hg38_10kbp_up_10kbp_down_full_tx_v10_clust.genes_vs_motifs.rankings

Total regulons before merging: 842
Total regulons after merging: 589
Total regulons after TF merging: 99
Loaded database 'hg38_500bp_up_100bp_down_full_tx_v10_clust.genes_vs_motifs.rankings': 5876 motifs × 27015 genes
Loaded database 'hg38_10kbp_up_10kbp_down_full_tx_v10_clust.genes_vs_motifs.rankings': 5876 motifs × 27090 genes
Loaded 2 databases
Reading annotation file: flashscenic_data/motifs-v10nr_clust-nr.hgnc-m0.001-o0.0.tbl
Column indices: motif_id=0, gene_name=5, similarity_qvalue=6, ortho_identity=9, description=12
Read 253096 rows, 253096 passed filters
Loaded 177084 motif annotations (27072 unique motifs, 1605 unique TFs)
Loaded motif annotations (filter_for_annotation=True)

Pruning with database 1/2: hg38_500bp_up_100bp_down_full_tx_v10_clust.genes_vs_motifs.rankings

Pruning with database 2/2: hg38_10kbp_up_10kbp_down_full_tx_v10_clust.genes_vs_motifs.rankings

Total regulons before merging: 842
Total regulons after merging: 589
Total regulons after TF merging: 99
  k=29...
Loaded database 'hg38_500bp_up_100bp_down_full_tx_v10_clust.genes_vs_motifs.rankings': 5876 motifs × 27015 genes
Loaded database 'hg38_10kbp_up_10kbp_down_full_tx_v10_clust.genes_vs_motifs.rankings': 5876 motifs × 27090 genes
Loaded 2 databases
Reading annotation file: flashscenic_data/motifs-v10nr_clust-nr.hgnc-m0.001-o0.0.tbl
Column indices: motif_id=0, gene_name=5, similarity_qvalue=6, ortho_identity=9, description=12
Read 253096 rows, 253096 passed filters
Loaded 177084 motif annotations (27072 unique motifs, 1605 unique TFs)
Loaded motif annotations (filter_for_annotation=True)

Pruning with database 1/2: hg38_500bp_up_100bp_down_full_tx_v10_clust.genes_vs_motifs.rankings

Pruning with database 2/2: hg38_10kbp_up_10kbp_down_full_tx_v10_clust.genes_vs_motifs.rankings

Total regulons before merging: 813
Total regulons after merging: 564
Total regulons after TF merging: 99
Loaded database 'hg38_500bp_up_100bp_down_full_tx_v10_clust.genes_vs_motifs.rankings': 5876 motifs × 27015 genes
Loaded database 'hg38_10kbp_up_10kbp_down_full_tx_v10_clust.genes_vs_motifs.rankings': 5876 motifs × 27090 genes
Loaded 2 databases
Reading annotation file: flashscenic_data/motifs-v10nr_clust-nr.hgnc-m0.001-o0.0.tbl
Column indices: motif_id=0, gene_name=5, similarity_qvalue=6, ortho_identity=9, description=12
Read 253096 rows, 253096 passed filters
Loaded 177084 motif annotations (27072 unique motifs, 1605 unique TFs)
Loaded motif annotations (filter_for_annotation=True)

Pruning with database 1/2: hg38_500bp_up_100bp_down_full_tx_v10_clust.genes_vs_motifs.rankings

Pruning with database 2/2: hg38_10kbp_up_10kbp_down_full_tx_v10_clust.genes_vs_motifs.rankings

Total regulons before merging: 813
Total regulons after merging: 564
Total regulons after TF merging: 99
Loaded database 'hg38_500bp_up_100bp_down_full_tx_v10_clust.genes_vs_motifs.rankings': 5876 motifs × 27015 genes
Loaded database 'hg38_10kbp_up_10kbp_down_full_tx_v10_clust.genes_vs_motifs.rankings': 5876 motifs × 27090 genes
Loaded 2 databases
Reading annotation file: flashscenic_data/motifs-v10nr_clust-nr.hgnc-m0.001-o0.0.tbl
Column indices: motif_id=0, gene_name=5, similarity_qvalue=6, ortho_identity=9, description=12
Read 253096 rows, 253096 passed filters
Loaded 177084 motif annotations (27072 unique motifs, 1605 unique TFs)
Loaded motif annotations (filter_for_annotation=True)

Pruning with database 1/2: hg38_500bp_up_100bp_down_full_tx_v10_clust.genes_vs_motifs.rankings

Pruning with database 2/2: hg38_10kbp_up_10kbp_down_full_tx_v10_clust.genes_vs_motifs.rankings

Total regulons before merging: 813
Total regulons after merging: 564
Total regulons after TF merging: 99
  k=30...
Loaded database 'hg38_500bp_up_100bp_down_full_tx_v10_clust.genes_vs_motifs.rankings': 5876 motifs × 27015 genes
Loaded database 'hg38_10kbp_up_10kbp_down_full_tx_v10_clust.genes_vs_motifs.rankings': 5876 motifs × 27090 genes
Loaded 2 databases
Reading annotation file: flashscenic_data/motifs-v10nr_clust-nr.hgnc-m0.001-o0.0.tbl
Column indices: motif_id=0, gene_name=5, similarity_qvalue=6, ortho_identity=9, description=12
Read 253096 rows, 253096 passed filters
Loaded 177084 motif annotations (27072 unique motifs, 1605 unique TFs)
Loaded motif annotations (filter_for_annotation=True)

Pruning with database 1/2: hg38_500bp_up_100bp_down_full_tx_v10_clust.genes_vs_motifs.rankings

Pruning with database 2/2: hg38_10kbp_up_10kbp_down_full_tx_v10_clust.genes_vs_motifs.rankings

Total regulons before merging: 815
Total regulons after merging: 565
Total regulons after TF merging: 100
Loaded database 'hg38_500bp_up_100bp_down_full_tx_v10_clust.genes_vs_motifs.rankings': 5876 motifs × 27015 genes
Loaded database 'hg38_10kbp_up_10kbp_down_full_tx_v10_clust.genes_vs_motifs.rankings': 5876 motifs × 27090 genes
Loaded 2 databases
Reading annotation file: flashscenic_data/motifs-v10nr_clust-nr.hgnc-m0.001-o0.0.tbl
Column indices: motif_id=0, gene_name=5, similarity_qvalue=6, ortho_identity=9, description=12
Read 253096 rows, 253096 passed filters
Loaded 177084 motif annotations (27072 unique motifs, 1605 unique TFs)
Loaded motif annotations (filter_for_annotation=True)

Pruning with database 1/2: hg38_500bp_up_100bp_down_full_tx_v10_clust.genes_vs_motifs.rankings

Pruning with database 2/2: hg38_10kbp_up_10kbp_down_full_tx_v10_clust.genes_vs_motifs.rankings

Total regulons before merging: 815
Total regulons after merging: 565
Total regulons after TF merging: 100
Loaded database 'hg38_500bp_up_100bp_down_full_tx_v10_clust.genes_vs_motifs.rankings': 5876 motifs × 27015 genes
Loaded database 'hg38_10kbp_up_10kbp_down_full_tx_v10_clust.genes_vs_motifs.rankings': 5876 motifs × 27090 genes
Loaded 2 databases
Reading annotation file: flashscenic_data/motifs-v10nr_clust-nr.hgnc-m0.001-o0.0.tbl
Column indices: motif_id=0, gene_name=5, similarity_qvalue=6, ortho_identity=9, description=12
Read 253096 rows, 253096 passed filters
Loaded 177084 motif annotations (27072 unique motifs, 1605 unique TFs)
Loaded motif annotations (filter_for_annotation=True)

Pruning with database 1/2: hg38_500bp_up_100bp_down_full_tx_v10_clust.genes_vs_motifs.rankings

Pruning with database 2/2: hg38_10kbp_up_10kbp_down_full_tx_v10_clust.genes_vs_motifs.rankings

Total regulons before merging: 815
Total regulons after merging: 565
Total regulons after TF merging: 100
Saved /orcd/data/omarabu/001/gonzalo/flashscenic_2/flashscenic/experiments/robustness/results/2026-03-26_18-34-23/figures/exp2_jaccard_convergence.pdf
Saved /orcd/data/omarabu/001/gonzalo/flashscenic_2/flashscenic/experiments/robustness/results/2026-03-26_18-34-23/figures/exp3_aucell_stability.pdf
Saved /orcd/data/omarabu/001/gonzalo/flashscenic_2/flashscenic/experiments/robustness/results/2026-03-26_18-34-23/figures/exp_regulon_counts.pdf
      Done. → /orcd/data/omarabu/001/gonzalo/flashscenic_2/flashscenic/experiments/robustness/results/2026-03-26_18-34-23/figures/exp2_jaccard_convergence.pdf
             → /orcd/data/omarabu/001/gonzalo/flashscenic_2/flashscenic/experiments/robustness/results/2026-03-26_18-34-23/figures/exp3_aucell_stability.pdf
             → /orcd/data/omarabu/001/gonzalo/flashscenic_2/flashscenic/experiments/robustness/results/2026-03-26_18-34-23/figures/exp_regulon_counts.pdf

============================================================
All experiments complete. Figures saved to:
  /orcd/data/omarabu/001/gonzalo/flashscenic_2/flashscenic/experiments/robustness/results/2026-03-26_18-34-23/figures
============================================================
